,index,0
0,[,67
1,',91958
2,",",45969
3,Agoraphobia,58
4,relate,30
5,resolution,1
6,year,364
7,nan,44
8,"""",783
9,past,82
10,4,46
11,monthsI,1
12,slowly,19
13,fall,18
14,start,234
15,university,11
16,feel,601
17,like,567
18,didn,48
19,t,570
20,belong,3
21,trick,8
22,way,160
23,catch,18
24,day,318
25,stare,6
26,know,392
27,couldn,32
28,true,7
29,m,534
30,special,7
31,struggle,60
32,baseline,2
33,depression,49
34,strong,19
35,forget,17
36,love,84
37,cloud,3
38,finally,57
39,part,4
40,see,86
41,sunlight,4
42,last,8
43,week,134
44,plunge,2
45,depressive,2
46,episode,12
47,pretty,65
48,lie,12
49,bed,36
50,Christmas,4
51,break,42
52,leave,360
53,house,311
54,magnet,4
55,hold,23
56,pull,11
57,away,145
58,frighten,5
59,body,31
60,heart,34
61,suffer,37
62,don,141
63,sit,49
64,living,57
65,room,43
66,anymore,57
67,s,328
68,open,38
69,live,122
70,small,52
71,apartment,34
72,safe,70
73,night,57
74,new,117
75,eve,2
76,partner,17
77,go,503
78,party,17
79,follow,23
80,far,51
81,denial,6
82,possibly,6
83,agoraphobia,342
84,condition,29
85,obviously,16
86,whiner,2
87,resolve,2
88,parent,50
89,try,243
90,stand,19
91,shower,11
92,think,252
93,30,23
94,minute,67
95,drive,141
96,beat,15
97,throat,2
98,stomach,10
99,petrified,3
100,lung,3
101,work,270
102,month,165
103,agoi,1
104,eye,12
105,begin,32
106,steam,1
107,tear,9
108,flowery,1
109,language,2
110,nasty,5
111,panic,346
112,attack,205
113,cancel,15
114,course,35
115,have,140
116,grocery,55
117,medication,76
118,deliver,4
119,fix,14
120,overstimulate,2
121,public,37
122,kind,52
123,anxiety,337
124,probably,40
125,wouldn,21
126,place,120
127,loud,7
128,bright,6
129,noisy,1
130,people,282
131,thing,195
132,nature,7
133,disorient,1
134,end,59
135,dissociate,1
136,degree,9
137,cope,43
138,give,38
139,upHey,1
140,guy,89
141,writing,11
142,long,156
143,time,414
144,share,49
145,current,13
146,life,216
147,fade,2
148,stay,112
149,restrict,2
150,-,259
151,5,56
152,unable,25
153,mind,40
154,sure,77
155,perfectly,2
156,step,42
157,get,389
158,comfortable,19
159,Place,1
160,accord,3
161,control,39
162,afraid,67
163,suicidal,15
164,thought,49
165,  ,28
166,sorry,34
167,English,3
168,woul,1
169,add,12
170,drop,27
171,college,39
172,bad,203
173,decision,7
174,regret,5
175,2,94
176,wrong,19
177,search,9
178,therapist,84
179,recently,45
180,ve,222
181,delt,1
182,17,11
183,actually,69
184,nt,102
185,assume,11
186,want,408
187,read,29
188,disorder,53
189,cause,46
190,explain,15
191,feeling,115
192,holy,2
193,shit,26
194,word,11
195,car,53
196,force,18
197,road,10
198,rough,5
199,hate,61
200,line,15
201,restaurant,7
202,haircut,9
203,crowd,9
204,transport,7
205,etc,60
206,classroom,3
207,claustrophobic,1
208,come,171
209,escape,14
210,embarrassing,3
211,symptom,30
212,hard,84
213,spiral,7
214,thinking,51
215,die,49
216,help,289
217,frustrating,4
218,understanding,9
219,trigger,49
220,ridiculous,5
221,situation,72
222,friend,164
223,freak,30
224,uncomfortable,18
225,normal,60
226,look,126
227,figure,31
228,hell,23
229,tool,6
230,need,223
231,self,51
232,diagnosis,18
233,frown,1
234,honestly,25
235,d,52
236,dang,1
237,surprise,6
238,isn\\,7
239,thank,80
240,listen,19
241,Nan,1
242,city,37
243,near,28
244,10,49
245,15,25
246,hour,105
247,short,31
248,distance,22
249,wise,3
250,journey,16
251,big,40
252,nausea,5
253,prepare,4
254,bucket,1
255,wo,15
256,sick,33
257,calm,25
258,incase,2
259,maybe,79
260,anti,14
261,sickness,2
262,reckon,2
263,honest,8
264,desperately,12
265,*,109
266,OCD,8
267,severe,31
268,questionnaire,5
269,turn,49
270,senior,5
271,thesis,1
272,happen,99
273,trip,42
274,WalmartI,1
275,decide,32
276,cut,4
277,aisle,5
278,head,24
279,toy,1
280,didn\\,20
281,TV\\,1
282,group,39
283,male,2
284,teen,9
285,deal,90
286,realize,36
287,hear,29
288,She\\,5
289,expensive,6
290,computer,5
291,lose,56
292,shady,1
293,21,11
294,young,15
295,prove,3
296,point,60
297,stranger,14
298,automatically,1
299,talk,112
300,don\\,33
301,overweight,1
302,second,21
303,row,1
304,completely,32
305,touch,7
306,psychiatrist,25
307,emergency,9
308,appointment,21
309,unavailable,2
310,medical,13
311,hospital,28
312,miss,41
313,check,27
314,inn,1
315,ago,91
316,forgive,3
317,monthly,1
318,goal,14
319,achieve,5
320,report,5
321,interested,12
322,make,128
323,money,54
324,trap,29
325,haven,34
326,online,55
327,hope,85
328,able,143
329,afford,15
330,therapy,125
331,exposure,92
332,ease,7
333,offline,1
334,job,151
335,isn,14
336,mental,58
337,health,56
338,stop,62
339,sleep,51
340,schedule,9
341,nightmare,9
342,daily,28
343,task,9
344,outside,140
345,ready,33
346,everyday,28
347,ton,5
348,badly,10
349,stick,38
350,starve,3
351,death,17
352,lol,24
353,tired,25
354,torture,3
355,terrify,47
356,AirportHey,1
357,Thursday,3
358,racing,7
359,shake,17
360,1,44
361,commute,3
362,airport,6
363,middle,9
364,plane,17
365,gon,30
366,na,30
367,close,44
368,bathroom,17
369,draw,6
370,attention,7
371,flight,13
372,3,81
373,significant,6
374,fear,131
375,advice,79
376,advance,10
377,update,6
378,:,200
379,believe,28
380,today,79
381,couple,42
382,shop,14
383,easy,43
384,definitely,16
385,enjoy,39
386,excited,6
387,cry,26
388,aha,1
389,happy,46
390,proud,26
391,+,13
392,mile,18
393,comfort,22
394,zone,19
395,weak,8
396,physically,16
397,emotionally,4
398,thousand,5
399,take,136
400,ride,18
401,August,4
402,2019,14
403,interstate,1
404,enter,10
405,fight,18
406,fine,28
407,home,245
408,porch,3
409,nervously,1
410,smoking,8
411,pack,7
412,cigarette,8
413,insane,6
414,rule,6
415,real,20
416,challenge,7
417,post,75
418,lot,118
419,supportive,18
420,wish,43
421,luck,10
422,eat,43
423,meal,13
424,McDonald,3
425,aloneI‚Äôm,1
426,total,7
427,super,33
428,despite,7
429,good,155
430,whammy,1
431,hide,20
432,courage,6
433,Agoraphobic,9
434,tell,110
435,bring,29
436,joy,9
437,CT,1
438,rescue,2
439,dog,27
440,care,50
441,pet,7
442,neighborhood,17
443,animal,5
444,use,37
445,encouragement,3
446,adviceMy,1
447,old,62
448,tow,1
449,complex,3
450,office,20
451,Monday,6
452,sign,17
453,title,6
454,pay,49
455,towing,1
456,storage,2
457,fee,5
458,literally,32
459,dread,17
460,scare,111
461,compounding,1
462,person,60
463,desk,1
464,write,25
465,sell,10
466,price,3
467,odometer,1
468,dumb,5
469,embarrass,12
470,frustrate,7
471,stupid,10
472,sue,1
473,dollar,5
474,garnish,1
475,wage,1
476,24,20
477,boyfriend,34
478,handle,27
479,avoid,26
480,Skype,2
481,discord,12
482,befriend,1
483,similar,21
484,connect,9
485,dm,1
486,nice,25
487,alienate,1
488,right,105
489,Grocery,1
490,shopping,21
491,troublesi‚Äôm,1
492,exactly,10
493,light,17
494,space,22
495,inability,4
496,focus,23
497,lately,27
498,store,108
499,dizzy,9
500,experience,92
501,overwhelming,10
502,shortness,1
503,breath,9
504,confusion,1
505,danger,7
506,doom,4
507,tip,30
508,problem,55
509,brief,1
510,history,11
511,here--,1
512,2013,2
513,marry,9
514,basically,31
515,act,6
516,social,95
517,coordinator,2
518,excellent,1
519,network,5
520,international,2
521,colleague,1
522,bit,49
523,misanthropic,1
524,sorta,1
525,kinda,6
526,outgoing,3
527,tolerant,1
528,crave,4
529,wife,9
530,alcohol,7
531,amphetamine,1
532,complete,16
533,recluse,5
534,divorce,2
535,organizing,2
536,together,2
537,let,68
538,slide,2
539,form,19
540,interaction,17
541,Fast,3
542,forward,24
543,tolerate,2
544,quirk,2
545,local,6
546,human,11
547,contact,12
548,PEOPLE,1
549,faith,5
550,trust,14
551,humanity,2
552,depress,16
553,offer,9
554,description,1
555,general,15
556,state,46
557,average,5
558,numb,2
559,rarely,6
560,rage,2
561,frankly,3
562,Vulcan,1
563,move,44
564,USA,4
565,Chile,1
566,riot,1
567,destroy,2
568,well,96
569,regard,6
570,misanthrope,1
571,PTSD,11
572,suffering,14
573,constant,13
574,rioting,1
575,smoke,15
576,gas,9
577,windows,6
578,motivate,14
579,Amazon,11
580,sink,2
581,deep,7
582,earth,2
583,wash,2
584,clean,11
585,mountain,2
586,man,18
587,soul,1
588,18,20
589,round,4
590,somewhat,11
591,bind,10
592,cbt,2
593,diffrent,1
594,med,46
595,little,71
596,suggestion,13
597,learning,12
598,permit,1
599,anxious,83
600,teacher,9
601,fast,22
602,license,8
603,friendhello,1
604,find,141
605,different,42
606,severity,2
607,support,52
608,vary,2
609,describe,7
610,case,24
611,receive,10
612,meet,28
613,sufferer,2
614,visit,29
615,difficult,34
616,recover,23
617,issue,58
618,frequent,4
619,message,12
620,involve,9
621,common,8
622,interest,4
623,video,20
624,game,26
625,include,13
626,possible,30
627,notice,19
628,joyful,2
629,low,33
630,occur,6
631,somebody,4
632,worry,40
633,occasion,6
634,tackle,3
635,buy,34
636,snack,6
637,housebound,37
638,stress,28
639,poor,5
640,digestive,1
641,system,10
642,mess,13
643,say,98
644,decade,5
645,list,14
646,mom,50
647,browse,1
648,handful,2
649,cycling,1
650,burn,5
651,pick,26
652,recapture,1
653,temporarily,1
654,driver,8
655,pass,39
656,test,27
657,nervous,16
658,appt,5
659,hair,8
660,dermatology,1
661,tomorrow,27
662,freeze,4
663,indecision,1
664,girlfriend,16
665,agoraphobiaIt,1
666,doesn,17
667,matter,12
668,glad,9
669,envelop,1
670,shadow,1
671,keep,42
672,world,63
673,grow,23
674,poverty,2
675,woods,2
676,homebound,10
677,socially,6
678,isolate,20
679,32,2
680,manage,39
681,limit,8
682,outing,3
683,mainly,13
684,entirety,2
685,20,47
686,learn,24
687,autistic,1
688,judge,11
689,appropriate,1
690,exist,10
691,rush,8
692,confuse,4
693,absolutely,18
694,100,21
695,%,27
696,return,14
697,school,85
698,usually,37
699,effect,31
700,yer,1
701,disheartening,2
702,sad,12
703,apply,11
704,hey,20
705,relatively,7
706,ISD,1
707,building,22
708,receptionist,2
709,intimidate,2
710,8am-5pm,1
711,Xanax,8
712,red,6
713,hi,13
714,story,31
715,strugglethis,1
716,sharing,7
717,forum,2
718,reading,24
719,gad,2
720,remember,31
721,youth,4
722,high,70
723,build,9
724,great,28
725,friendship,5
726,travel,46
727,perform,4
728,seldom,1
729,medicate,2
730,prescription,21
731,clonazepam,4
732,flare,5
733,set,23
734,pregame,1
735,drink,10
736,approach,6
737,afterward,3
738,soon,24
739,change,42
740,graduate,8
741,Austin,3
742,TX,1
743,exciting,3
744,automotive,1
745,tech,2
746,company,9
747,managerial,1
748,position,11
749,age,12
750,23,7
751,fun,24
752,freedom,4
753,period,11
754,honeymoon,1
755,phase,4
756,‚Äî,5
757,periodic,1
758,June,4
759,2018,8
760,25th,1
761,birthday,8
762,standing,1
763,chipotle,2
764,proceed,3
765,intense,9
766,entire,19
767,stationary,1
768,object,4
769,pressure,27
770,chest,14
771,stroke,2
772,ER,3
773,hit,23
774,random,12
775,6,31
776,doctor,72
777,chronic,4
778,vestibular,1
779,migraine,4
780,basis,4
781,profound,1
782,reduce,4
783,quality,2
784,immediately,9
785,suddenly,11
786,grab,6
787,coffee,8
788,December,12
789,treatment,16
790,tricky,1
791,treat,18
792,combination,1
793,face,42
794,early,25
795,traditional,3
796,ssri,7
797,snris,1
798,horrible,30
799,ultimately,4
800,relief,10
801,supplement,4
802,l,3
803,theanine,1
804,coq10,1
805,interestingly,1
806,standpoint,2
807,eliminate,1
808,half,38
809,sparingly,1
810,aware,8
811,dependency,2
812,factor,2
813,unbelievable,3
814,spirit,3
815,typically,4
816,panicky,9
817,wreck,3
818,curl,5
819,wonder,33
820,call,50
821,Methylfolate,1
822,wonderful,5
823,south,2
824,later,32
825,send,20
826,reach,17
827,clarity,3
828,okay,24
829,rely,5
830,rebuild,2
831,heal,2
832,ideal,1
833,increase,3
834,risk,7
835,certain,12
836,26,12
837,ahead,2
838,community,13
839,monster,1
840,Spe,1
841,LonlinessHey,1
842,account,34
843,sub,29
844,extreme,19
845,value,2
846,lack,14
847,comforting,2
848,train,10
849,texas,3
850,north,2
851,midwest,1
852,dream,14
853,fly,13
854,europe,1
855,walk,127
856,catholic,2
857,pilgrimage,1
858,catapult,1
859,quetiapine,1
860,excitement,2
861,ask,74
862,important,10
863,insist,2
864,reluctant,2
865,accept,19
866,depend,6
867,particularly,5
868,pleasant,4
869,agoraphobic,70
870,barber,2
871,option,12
872,amp,89
873,shabby,1
874,confident,4
875,sense,25
876,maintain,6
877,fully,11
878,mall,5
879,Barnes,1
880,Noble,1
881,huge,16
882,accomplishment,4
883,large,9
884,capable,2
885,worth,15
886,consider,17
887,AA,1
888,meeting,23
889,yesterday,16
890,substance,1
891,abuse,6
892,topic,6
893,applicable,1
894,regardless,4
895,dirty,2
896,occasionally,5
897,simply,16
898,challenging,2
899,perception,1
900,CBT,14
901,helpful,12
902,Clarksville,1
903,TN,1
904,mild,6
905,tendency,7
906,husband,23
907,station,7
908,success,6
909,pal,3
910,accompany,9
911,run,48
912,errand,2
913,cosmetologist,1
914,‚Ä¢Õà·¥ó‚Ä¢Õà,1
915,shoot,7
916,town,25
917,TDY,1
918,Online,6
919,counselinganyone,1
920,recommendation,7
921,reputable,1
922,website,8
923,free,32
924,anonymous,3
925,chat,15
926,tough,13
927,appreciate,25
928,compassionate,1
929,sunshine,3
930,‚ù§,4
931,Ô∏è,5
932,inflammatory,1
933,diet,6
934,suggest,11
935,food,48
936,log,3
937,monitor,5
938,emotion,4
939,realise,5
940,carb,1
941,heavy,4
942,alternative,4
943,information,12
944,anybody,13
945,beta,2
946,blocker,2
947,psychologist,5
948,recommend,13
949,propranolol,3
950,questionHi,1
951,twice,14
952,overwhelm,6
953,weird,22
954,understand,64
955,Relapse,1
956,frustrationAfter,1
957,develop,27
958,attend,9
959,lecture,8
960,bedbound,2
961,severely,7
962,narrow,1
963,suspend,1
964,uni,7
965,spend,47
966,bus,17
967,gradually,5
968,amazing,19
969,supermarket,3
970,BAM,1
971,undo,2
972,square,1
973,bad-,1
974,sweating,9
975,platform,2
976,Tuesday,4
977,sort,21
978,yeah,9
979,forever,11
980,threaten,6
981,relapse,18
982,frustration,3
983,plan,34
984,yearwarning,1
985,fishing,2
986,hunting,3
987,sport,4
988,put,12
989,warning,7
990,multiple,19
991,family,91
992,fish,1
993,dad,18
994,camp,1
995,will,47
996,hopefully,11
997,hunt,1
998,meat,1
999,77,1
1000,11,13
1001,2020,4
1002,bear,6
1003,reason,39
1004,twenty,2
1005,kid,19
1006,artist,3
1007,accountant,1
1008,engineer,3
1009,refuse,12
1010,7,31
1011,truant,1
1012,officer,1
1013,eventually,24
1014,ok,19
1015,Divorced,1
1016,regular,14
1017,book,36
1018,kill,20
1019,overcome,22
1020,knee,1
1021,buckle,1
1022,ground,3
1023,sob,5
1024,quit,23
1025,shrink,4
1026,Dallas,1
1027,sister,7
1028,apt,1
1029,block,19
1030,choice,8
1031,manifest,1
1032,checkout,3
1033,lane,1
1034,quickly,11
1035,convenience,2
1036,loaf,1
1037,bread,2
1038,jar,1
1039,peanut,1
1040,butter,2
1041,secret,3
1042,shopper,3
1043,cheap,6
1044,incentive,1
1045,government,4
1046,wasn,13
1047,amount,2
1048,slow,7
1049,cashier,4
1050,ill,4
1051,CO,1
1052,dependent,6
1053,main,12
1054,son,4
1055,50,16
1056,hasn,5
1057,independently,2
1058,co,7
1059,odd,3
1060,tooth,18
1061,slip,4
1062,excuse,16
1063,medicine,11
1064,magic,3
1065,pill,15
1066,120,4
1067,mgs,1
1068,extend,7
1069,release,6
1070,Cymbalta,1
1071,generic,2
1072,dosage,1
1073,relieve,5
1074,pain,31
1075,arthritis,1
1076,chicken,4
1077,Senior,1
1078,Independent,1
1079,spacious,1
1080,door,33
1081,throw,19
1082,neighbor,12
1083,exercise,15
1084,potluck,1
1085,crash,3
1086,window,10
1087,view,8
1088,],69
1089,https,74
1090,interesting,11
1091,align,2
1092,Hikikomori,3
1093,hikikomorii,1
1094,r,14
1095,science,2
1096,versus,2
1097,lead,16
1098,component,1
1099,sexually,3
1100,frustrated,1
1101,AgoraphobiaI‚Äôm,1
1102,seek,18
1103,legit,6
1104,totally,7
1105,Harding,1
1106,woman,12
1107,area,16
1108,term,16
1109,gf,5
1110,split,1
1111,sex,8
1112,girl,22
1113,tinder,1
1114,mean,40
1115,messing,2
1116,tf,1
1117,Depersonalization,2
1118,Derealizationstarted,1
1119,prescribe,9
1120,Prozac,5
1121,DP,5
1122,DR,7
1123,prozac,5
1124,Paxil,5
1125,8,24
1126,vision,5
1127,idk,27
1128,optometrist,1
1129,clear,9
1130,sound,20
1131,dark,17
1132,zero,4
1133,hopeless,12
1134,helpless,1
1135,cure,12
1136,bf,8
1137,virgin,2
1138,imagine,13
1139,join,12
1140,Facebook,5
1141,dating,7
1142,opportunity,20
1143,casual,2
1144,strange,10
1145,relationship,34
1146,suck,23
1147,socializing,3
1148,especially,31
1149,church,1
1150,waaaay,1
1151,wanna,11
1152,shitty,4
1153,single,13
1154,planning,6
1155,diagnose,37
1156,phone,31
1157,sou,1
1158,answer,18
1159,Fl,1
1160,business,18
1161,text,5
1162,dinner,9
1163,guest,2
1164,happily,1
1165,yr,1
1166,lifestyle,7
1167,accomplish,15
1168,positive,20
1169,I\\,140
1170,tremendously,2
1171,climb,1
1172,it\\,32
1173,haven\\,10
1174,skirt,1
1175,hasn\\,1
1176,wake,20
1177,paper,4
1178,mention,13
1179,wind,2
1180,laugh,10
1181,unfair,2
1182,corny,1
1183,encouraging,3
1184,wasn\\,9
1185,humanitarian,1
1186,politely,1
1187,oh,11
1188,cookie,2
1189,oven,1
1190,you\\,14
1191,track,7
1192,moodHi,1
1193,mood,6
1194,journal,2
1195,complicate,3
1196,dentist,12
1197,dental,5
1198,surgery,6
1199,future,19
1200,country,15
1201,brave,7
1202,milestone,2
1203,female,16
1204,associate,4
1205,consultation,2
1206,x,8
1207,ray,4
1208,poke,1
1209,prod,1
1210,calcium,1
1211,deficiency,1
1212,celebrate,1
1213,roller,2
1214,coaster,2
1215,spending,8
1216,necessary,5
1217,16,13
1218,admission,1
1219,mother,16
1220,dialysis,1
1221,oxygen,1
1222,officially,6
1223,caretaker,2
1224,Dialysis,1
1225,nurse,3
1226,moment,18
1227,hyperhidrosis,1
1228,roof,3
1229,armpit,1
1230,waterfall,1
1231,35,3
1232,box,4
1233,underarm,1
1234,pad,1
1235,--,8
1236,shock,5
1237,question,30
1238,sudden,5
1239,anyways,15
1240,backing,1
1241,organise,1
1242,movie,23
1243,Sunday,1
1244,üí™,1
1245,üèª,1
1246,clinically,2
1247,speak,19
1248,fit,5
1249,criterion,1
1250,üò±,2
1251,üíï,1
1252,recognize,3
1253,terrible,21
1254,certainly,3
1255,fucking,20
1256,till,6
1257,pm,10
1258,doze,1
1259,decent,6
1260,nap,1
1261,level,16
1262,fire,8
1263,flutter,2
1264,weekend,8
1265,drag,3
1266,pottery,1
1267,studio,1
1268,painting,1
1269,play,19
1270,Nintendo,1
1271,switch,4
1272,binge,2
1273,watch,29
1274,tv,6
1275,disappoint,5
1276,fake,4
1277,conversation,9
1278,remind,3
1279,hurt,22
1280,core,2
1281,x200B,27
1282,October,4
1283,unravel,1
1284,repetitive,2
1285,cycle,6
1286,psych,6
1287,9,13
1288,EKG,1
1289,blood,11
1290,convince,13
1291,link,28
1292,air,14
1293,debilitating,3
1294,turbulence,1
1295,packing,4
1296,humiliating,2
1297,admit,12
1298,hello,13
1299,questionsHiya,1
1300,undergrad,1
1301,project,10
1302,abnormal,2
1303,psychology,2
1304,class,35
1305,awesome,7
1306,create,13
1307,fictional,1
1308,study,14
1309,choose,6
1310,\\\\-,6
1311,harm,9
1312,type,17
1313,differ,1
1314,unwilling,1
1315,medicationI,1
1316,meditation,7
1317,herbal,2
1318,currently,25
1319,hesitant,2
1320,awful,19
1321,fact,25
1322,sensitive,3
1323,physical,19
1324,sensation,10
1325,grade,6
1326,bunch,7
1327,pointless,1
1328,concern,6
1329,sexual,8
1330,dysfunction,1
1331,permanent,4
1332,opinion,8
1333,initial,7
1334,irrational,8
1335,input,4
1336,anymoreI,3
1337,insurance,8
1338,win,19
1339,allow,19
1340,specialist,4
1341,pocket,1
1342,stressful,7
1343,ashamed,13
1344,example,11
1345,profusely,2
1346,member,17
1347,asshole,4
1348,fat,3
1349,prison,4
1350,wall,12
1351,kink,1
1352,ai,2
1353,baby,11
1354,years-,1
1355,diazepam,4
1356,travelling,1
1357,mg,6
1358,prefer,6
1359,agoraphobiaI,1
1360,generalize,6
1361,susceptible,1
1362,barely,23
1363,stuff,40
1364,center,6
1365,plus,7
1366,overall,9
1367,crippling,9
1368,scenario,7
1369,kidnap,4
1370,rape,2
1371,diarrhea,1
1372,nowadays,1
1373,concert,4
1374,unwell,2
1375,Middle,1
1376,cent,2
1377,circle,2
1378,usual,5
1379,gathering,5
1380,insecure,3
1381,blue,2
1382,bomb,1
1383,inside,31
1384,pure,4
1385,cling,1
1386,railing,1
1387,entirely,1
1388,mentally,12
1389,reaction,5
1390,present,6
1391,guilty,10
1392,deeply,2
1393,upset,13
1394,angry,8
1395,redress,1
1396,late,17
1397,contemplate,1
1398,interval,1
1399,wave,4
1400,countryside,2
1401,photo,2
1402,direction,9
1403,creep,2
1404,dwell,2
1405,typing,4
1406,undiagnosed,1
1407,previously,2
1408,loo,1
1409,urine,1
1410,infection,4
1411,kitchen,5
1412,flat,5
1413,hall,1
1414,apart,3
1415,flatmate,1
1416,idea,28
1417,skateboarder,2
1418,curious,8
1419,unsafei‚Äôve,1
1420,stable,3
1421,independent,1
1422,positivity,3
1423,drain,3
1424,kindness,1
1425,unmotivated,1
1426,scary,18
1427,chill,3
1428,bc,19
1429,beautiful,8
1430,peaceful,3
1431,regain,3
1432,motivation,10
1433,pattern,3
1434,depressing,2
1435,toxic,4
1436,environment,9
1437,momentI,1
1438,likely,7
1439,minded,1
1440,individual,1
1441,spine,1
1442,badass,1
1443,survive,14
1444,untreated,5
1445,achievable,1
1446,basic,5
1447,regulating,1
1448,expectation,3
1449,model,2
1450,upbringing,1
1451,entail,1
1452,childhood,5
1453,atrocious,1
1454,perk,1
1455,unfortunately,8
1456,reconsider,1
1457,fulfill,2
1458,society,8
1459,deem,1
1460,successful,2
1461,naturally,3
1462,excite,3
1463,sack,1
1464,determine,1
1465,ability,7
1466,honor,1
1467,fitting,2
1468,breathe,8
1469,pende,1
1470,e,11
1471,hermit,2
1472,practice,17
1473,assurance,1
1474,escapesince,1
1475,improve,5
1476,dramatically,1
1477,obsess,3
1478,incessantly,1
1479,erp,1
1480,horrid,1
1481,root,2
1482,internal,2
1483,safety,4
1484,response,4
1485,amplify,2
1486,seriously,15
1487,flee,2
1488,order,37
1489,traumatic,7
1490,truly,11
1491,endure,4
1492,dose,7
1493,edge,3
1494,fearful,4
1495,productive,6
1496,selfHow,1
1497,irk,1
1498,skill,13
1499,DBT,1
1500,grateful,10
1501,protect,1
1502,damage,4
1503,succumb,1
1504,temptation,1
1505,ruin,11
1506,StrugglingIt,1
1507,effort,7
1508,specifically,5
1509,ppl,6
1510,successfully,4
1511,backstory,1
1512,19,7
1513,CC,1
1514,highschool,6
1515,hs,1
1516,winter,6
1517,January,7
1518,performance,3
1519,music,17
1520,parking,3
1521,drunk,12
1522,gin,1
1523,cuz,5
1524,drinker,1
1525,hangover,1
1526,hungry,7
1527,breakfast,2
1528,Burger,1
1529,King,2
1530,derealization,10
1531,recording,2
1532,session,15
1533,reschedule,3
1534,highway,9
1535,exit,5
1536,mouth,7
1537,dry,3
1538,image,3
1539,hyperventilate,3
1540,dangerously,1
1541,bounce,3
1542,skip,5
1543,pre,4
1544,tho,3
1545,concious,1
1546,shift,6
1547,ot,1
1548,waste,7
1549,crazy,12
1550,perfect,5
1551,guess,25
1552,traffic,8
1553,chair,3
1554,meditate,2
1555,gym,6
1556,straight,13
1557,workout,1
1558,faint,7
1559,Zoloft,1
1560,psychological,3
1561,medium,8
1562,blow,15
1563,require,13
1564,numbness,1
1565,dopamine,1
1566,song,2
1567,masterbate,1
1568,addict,6
1569,üòÇ,3
1570,nofap,1
1571,woh,1
1572,structure,3
1573,momentum,2
1574,succeed,1
1575,stage,5
1576,hang,16
1577,fuck,14
1578,bitch,2
1579,pan,1
1580,lmk,1
1581,brother,16
1582,idiot,3
1583,supposedly,1
1584,suppose,17
1585,klonopin,9
1586,shouldn,1
1587,insight,5
1588,reply,3
1589,version,5
1590,security,2
1591,blanket,4
1592,bottle,5
1593,water,7
1594,Dry,1
1595,downside,2
1596,mini,2
1597,vest,1
1598,DatingI‚Äôm,1
1599,29,6
1600,ugly,7
1601,moderate,3
1602,settle,3
1603,blame,5
1604,fault,6
1605,worthy,1
1606,instead,22
1607,unhealthy,1
1608,boring,2
1609,mundane,1
1610,Walmart,2
1611,produce,2
1612,register,5
1613,height,1
1614,agree,10
1615,god,4
1616,conquer,4
1617,trouble,21
1618,as,6
1619,Freaking,2
1620,internshipNot,1
1621,25,9
1622,internship,3
1623,summer,15
1624,email,3
1625,interview,13
1626,motion,2
1627,reject,2
1628,MedicationIs,1
1629,SSRI,2
1630,non,11
1631,addictive,4
1632,drug,21
1633,decline,3
1634,Spice,2
1635,Stupid,2
1636,whilst,7
1637,withdraw,5
1638,Forward,1
1639,recliner,2
1640,awhile,5
1641,portable,1
1642,toil,1
1643,elderly,2
1644,lye,1
1645,utilize,1
1646,muscle,3
1647,deteriorate,5
1648,inactivity,1
1649,lay,7
1650,phobia,9
1651,swallow,3
1652,choke,2
1653,spread,4
1654,slimfast,1
1655,yogurt,1
1656,enable,5
1657,initially,2
1658,breaking,3
1659,behavior,5
1660,wait,33
1661,bond,1
1662,CollegeThinking,1
1663,semester,7
1664,CureSometimes,1
1665,harming,3
1666,battle,8
1667,agoraphobiaHow,1
1668,winWent,1
1669,progress,35
1670,Group,1
1671,boost,1
1672,ikeaI,1
1673,Ikea,1
1674,sunny,3
1675,mechanism,7
1676,mantra,1
1677,dramatic,2
1678,lying,2
1679,child,6
1680,glass,2
1681,emotional,7
1682,navigate,5
1683,one,15
1684,conceal,2
1685,exhaust,8
1686,morph,2
1687,BDD,1
1688,roughly,2
1689,ritual,1
1690,submit,2
1691,incredibly,10
1692,remove,3
1693,mirror,1
1694,appearance,4
1695,weirdo,2
1696,2016,5
1697,tropical,1
1698,5yrs,2
1699,houseboundI,1
1700,feed,10
1701,rock,6
1702,er,1
1703,surely,3
1704,push,48
1705,clearly,4
1706,plz,1
1707,Groundhog,1
1708,esque,1
1709,loop,3
1710,BeginningsI‚Äôm,1
1711,blind,4
1712,side,1
1713,disability,17
1714,virtual,2
1715,bedroom,10
1716,fortunate,2
1717,cover,8
1718,cost,9
1719,hardly,9
1720,overhead,1
1721,path,5
1722,boundso,1
1723,provide,8
1724,service,14
1725,content,2
1726,creation,2
1727,article,5
1728,fill,16
1729,address,2
1730,blank,2
1731,doc,7
1732,google,10
1733,com,65
1734,1faipqlscxta1fkt8dlmpv3gpzjcwrhadcrea,2
1735,DqKbX0rpliG1I8yWmw,2
1736,viewform,3
1737,usp,3
1738,=,17
1739,sf\\\\_link,1
1740,sf_link,2
1741,schoolOr,1
1742,correctly,2
1743,extent,5
1744,backyard,13
1745,awake,5
1746,student,12
1747,C-,1
1748,counselor,2
1749,function,15
1750,fail,11
1751,japanese,1
1752,subject,6
1753,major,12
1754,rigorous,1
1755,headache,5
1756,promise,5
1757,flaking,1
1758,efficient,2
1759,charge,3
1760,enrol,4
1761,FB,4
1762,IG,4
1763,truth,7
1764,podcast,9
1765,changer,1
1766,sugarcoat,1
1767,harsh,4
1768,terrifiedSo,1
1769,invite,10
1770,spring,1
1771,Bahamas,1
1772,flyer,1
1773,ticket,4
1774,sweet,1
1775,gate,4
1776,cross,3
1777,anytime,5
1778,busy,14
1779,custom,1
1780,process,14
1781,immediate,1
1782,boss,7
1783,documentation,1
1784,worker,8
1785,misunderstand,1
1786,action,4
1787,formally,1
1788,HR,1
1789,note,11
1790,delicate,1
1791,china,1
1792,plate,2
1793,relagate,1
1794,crap,7
1795,evaluate,4
1796,background,9
1797,info,5
1798,November,4
1799,introverted,3
1800,loose,6
1801,continue,18
1802,occupation,2
1803,apprenticeship,1
1804,12,13
1805,13,6
1806,specific,6
1807,problematic,2
1808,personality,7
1809,greatly,4
1810,result,7
1811,perspective,4
1812,Emptyness,1
1813,aloneBeen,1
1814,shut,7
1815,shortly,1
1816,apparently,4
1817,indoor,12
1818,dude,3
1819,easily,8
1820,0,3
1821,treasure,1
1822,spoil,1
1823,rich,2
1824,sigh,2
1825,rant,6
1826,suicide,12
1827,ain,2
1828,apon,1
1829,Fed,1
1830,UpI,1
1831,trash,10
1832,cook,4
1833,rest,12
1834,immense,2
1835,weekly,3
1836,patience,2
1837,expand,1
1838,yell,10
1839,belittle,1
1840,mad,10
1841,react,4
1842,deserve,9
1843,expect,9
1844,professional,11
1845,dire,2
1846,unsuccessful,1
1847,headspace,2
1848,College,1
1849,ClassWell,1
1850,GAD,12
1851,bachelor,3
1852,Friday,5
1853,9:00am-10:30am,1
1854,campus,2
1855,anticipation,3
1856,midnight,1
1857,postI,1
1858,event,15
1859,multi,1
1860,blockage,1
1861,apnea,2
1862,twitch,4
1863,constantly,20
1864,Google,3
1865,source,5
1866,recent,6
1867,Success,3
1868,AgoraphobiaBeing,1
1869,Hermit,1
1870,cool,4
1871,atleast,2
1872,extremely,24
1873,Dating,1
1874,breakup,1
1875,grandfather,2
1876,encourage,8
1877,pursue,1
1878,generalise,1
1879,discover,2
1880,ex,6
1881,atm,3
1882,scene,3
1883,u,7
1884,fighting,6
1885,diagnosis-,1
1886,advicei‚Äôve,1
1887,academically,1
1888,personally,12
1889,shiny,1
1890,precedence,1
1891,misdiagnose,1
1892,pursuance,1
1893,literal,2
1894,brain,17
1895,scientist,2
1896,undergo,1
1897,neurological,2
1898,testing,6
1899,preference,2
1900,compound,2
1901,access,9
1902,actively,3
1903,damaging,2
1904,estimate,1
1905,95,2
1906,psychosis,4
1907,malicious,2
1908,isolation,20
1909,prisoner,2
1910,solitary,1
1911,confinement,3
1912,Ffs,1
1913,hostile,2
1914,uber,4
1915,uuuuhhh,1
1916,desire,3
1917,outweighs,1
1918,heading,3
1919,psychotic,1
1920,bullshit,7
1921,smart,3
1922,connection,5
1923,blah,3
1924,delude,1
1925,incapable,3
1926,obvious,1
1927,paranoid,5
1928,practical,1
1929,limitation,1
1930,transportation,2
1931,finish,11
1932,jelly,1
1933,resource,7
1934,agoraphobelast,1
1935,trauma,4
1936,assault,9
1937,kiss,1
1938,closet,4
1939,curtain,3
1940,lurk,2
1941,IRL,1
1942,overly,4
1943,vulnerable,5
1944,resentment,2
1945,landlady,1
1946,unit,2
1947,jerk,1
1948,African,1
1949,bee,1
1950,entry,3
1951,maintenance,3
1952,couldn\\,11
1953,review,7
1954,tenant,1
1955,management,1
1956,unused,1
1957,styrofoam,1
1958,cup,1
1959,crack,3
1960,bang,1
1961,cell,1
1962,retrospect,1
1963,target,1
1964,motive,1
1965,cruelty,1
1966,sadism,1
1967,exception,1
1968,arrive,3
1969,pervert,1
1970,fairly,3
1971,useless,8
1972,favorite,11
1973,band,1
1974,todayI,2
1975,educate,1
1976,lt,5
1977,park,8
1978,milligram,1
1979,xanax,6
1980,caffeine,3
1981,80,5
1982,immidiate,1
1983,surrounding,3
1984,sentence,2
1985,agrophobia,3
1986,collage,2
1987,September,4
1988,behavioural,1
1989,GCSE,1
1990,affect,15
1991,burst,3
1992,bully,4
1993,accident,5
1994,mum,3
1995,impact,1
1996,greatful,1
1997,gp,1
1998,tommorow,1
1999,guide,6
2000,trainer,1
2001,appreciative,2
2002,timejust,1
2003,rude,4
2004,cleaning,4
2005,suffocate,4
2006,8nside,1
2007,üò≠,2
2008,beginning,22
2009,piece,3
2010,forwards,1
2011,obtain,4
2012,illness,19
2013,feasibility,1
2014,dysmorphia,1
2015,anorexia,1
2016,absence,1
2017,illegitimate,1
2018,walkable,1
2019,22,7
2020,F,2
2021,financial,4
2022,aren,5
2023,vacation,7
2024,express,2
2025,March,7
2026,mid,3
2027,convenient,1
2028,casually,2
2029,Airbnbs,1
2030,request,4
2031,explanation,4
2032,confrontational,1
2033,fair,3
2034,shed,3
2035,gain,7
2036,uneasiness,1
2037,bark,2
2038,properly,6
2039,willing,11
2040,discuss,8
2041,painfully,2
2042,shy,5
2043,chuckle,1
2044,tiny,10
2045,developmentally,1
2046,gift,10
2047,program,9
2048,surplus,1
2049,setting,1
2050,junior,4
2051,hadn\\,3
2052,articulate,1
2053,mercilessly,1
2054,teenaged,1
2055,feign,1
2056,nurse\\,1
2057,Cut,2
2058,adulthood,1
2059,publicly,1
2060,subway,9
2061,tax,3
2062,flurry,1
2063,activity,5
2064,toll,7
2065,Insomnia,1
2066,operate,1
2067,vehicle,2
2068,temper,1
2069,weight,7
2070,fluctuate,1
2071,wedge,1
2072,presentation,1
2073,audience,1
2074,remotely,7
2075,stopgap,1
2076,there\\,4
2077,cousin,2
2078,humiliate,3
2079,tunnel,2
2080,heat,3
2081,unclear,1
2082,constitute,2
2083,overlap,2
2084,proactive,1
2085,reclusiveness,1
2086,interfere,2
2087,Bell,2
2088,simple,8
2089,texting,3
2090,donation,1
2091,participate,10
2092,Spain,3
2093,Amitriptyline,1
2094,knowledge,5
2095,classic,1
2096,behaviour,4
2097,date,11
2098,increasingly,4
2099,bother,10
2100,It\\,16
2101,adult,3
2102,can\\,14
2103,freaking,15
2104,halfway,1
2105,TMI,3
2106,IBS,6
2107,worsen,5
2108,holiday,2
2109,cafe,1
2110,bar,7
2111,toilet,3
2112,XANAX,1
2113,up,5
2114,aide,1
2115,assistant,1
2116,restroom,2
2117,pro,2
2118,con,1
2119,medicinei‚Äôve,1
2120,conclusion,1
2121,hand,19
2122,confidence,11
2123,overcoming,4
2124,backup,1
2125,beg,5
2126,benzo,7
2127,bag,5
2128,resort,2
2129,possibility,7
2130,Valium,2
2131,whirlpool,1
2132,dance,3
2133,Peacenan,1
2134,JulyOther,1
2135,quick,11
2136,July,3
2137,rut,1
2138,compulsive,1
2139,liar,5
2140,sabotage,3
2141,6‚Äô1,1
2142,weigh,3
2143,110lbs,1
2144,wither,1
2145,catch-22,1
2146,interact,10
2147,screen,4
2148,y,7
2149,terrifiedI,1
2150,emetophobia,9
2151,Indianapolis,1
2152,pretend,2
2153,inconsolable,1
2154,basket,1
2155,conference,2
2156,hotel,6
2157,wisdom,1
2158,pls,3
2159,desperate,6
2160,qith,1
2161,agoraphobiaHello,1
2162,thread,3
2163,homework,5
2164,hobby,4
2165,edit,6
2166,pace,4
2167,HiTBH,1
2168,rural,3
2169,acre,1
2170,rent,9
2171,inhabitable,1
2172,trailer,3
2173,abusive,9
2174,landlord,2
2175,cold,11
2176,chain,2
2177,breathing,7
2178,black,4
2179,mold,1
2180,ceiling,2
2181,paralyze,1
2182,complain,8
2183,negative,14
2184,tonight,13
2185,nearly,11
2186,wire,1
2187,youfor,1
2188,venting,7
2189,agoraphobiaJust,1
2190,custodian,1
2191,Odd,1
2192,personal,6
2193,hill,5
2194,hangout,1
2195,gag,1
2196,altogether,2
2197,antisocial,1
2198,socialize,7
2199,site,9
2200,infect,6
2201,Don,3
2202,comment,19
2203,Tips,3
2204,sedentary,2
2205,mobile,3
2206,meantime,1
2207,Y,3
2208,tysm,1
2209,cinema,2
2210,museum,1
2211,attitude,1
2212,street,23
2213,farther,1
2214,w,8
2215,nostalgia,2
2216,FUCK,1
2217,yes,8
2218,damn,9
2219,lonely,8
2220,mixture,1
2221,dimmer,1
2222,envision,1
2223,dilemma,3
2224,lolhello,2
2225,y\\,2
2226,i\\,17
2227,she\\,9
2228,hardass,1
2229,lazy,9
2230,power,5
2231,wrap,4
2232,sympathy,2
2233,christmas,2
2234,thankful,4
2235,aback,1
2236,lmao,3
2237,lady,3
2238,we\\,3
2239,rocky,1
2240,show,8
2241,doesn\\,7
2242,heres,1
2243,foot,9
2244,lengthy,1
2245,hopeful,4
2246,setback,7
2247,precisely,1
2248,CD,1
2249,bank,16
2250,letter,9
2251,signature,1
2252,ASAP,2
2253,evict,1
2254,bank\\,1
2255,policy,1
2256,loan,2
2257,compulsively,1
2258,crying,5
2259,\\\\_\\\\_\\\\_\\\\_\\\\_\\\\,1
2260,_,12
2261,roommate,4
2262,\\\\_\\\\_\\\\_\\\\_\\\\,1
2263,reality,7
2264,morning,12
2265,texte,3
2266,pissed,2
2267,whatnot,2
2268,could\\,1
2269,apologize,3
2270,solve,3
2271,unhelpful,1
2272,ta,7
2273,what\\,4
2274,legitimately,1
2275,peace,5
2276,solidarity,1
2277,lolnan,2
2278,vomiting,1
2279,generally,6
2280,zoloft,2
2281,escalate,1
2282,ongoing,2
2283,acutely,1
2284,theater,3
2285,staircase,1
2286,unlikely,1
2287,mixed,4
2288,research,12
2289,lifehi,1
2290,blog,4
2291,document,1
2292,obsession,2
2293,warmth,1
2294,layout,1
2295,inspire,7
2296,ginxminx,2
2297,wixsite,2
2298,panicateverywhere,2
2299,career,6
2300,wantedHello,1
2301,gambling,2
2302,industry,4
2303,bore,1
2304,customer,6
2305,indefinitely,1
2306,saving,6
2307,crucial,1
2308,seat,2
2309,observe,2
2310,casino,1
2311,gap,7
2312,resume,6
2313,lucky,5
2314,beach,2
2315,toe,3
2316,sand,2
2317,dusk,2
2318,sunset,1
2319,60,6
2320,min,5
2321,camera,1
2322,save,13
2323,cat,9
2324,pile,1
2325,500,6
2326,wary,1
2327,bless,1
2328,scream,8
2329,urge,6
2330,pop,4
2331,launch,1
2332,Recovery,1
2333,LaterHi,1
2334,enemy,3
2335,til,1
2336,flooding,2
2337,reference,5
2338,floristry,1
2339,healthy,8
2340,bunny,1
2341,rabbit,2
2342,tattoo,3
2343,300,5
2344,brag,1
2345,jobi,1
2346,hire,10
2347,happiness,4
2348,pat,1
2349,wear,7
2350,previous,5
2351,Family,1
2352,stressedmy,1
2353,cab,2
2354,grandmother,2
2355,nursing,1
2356,ky,1
2357,grandma,6
2358,eachother,2
2359,frail,1
2360,vice,2
2361,versa,2
2362,3hi,1
2363,reddit,14
2364,7th,1
2365,financially,3
2366,AgoraphobiaHi,1
2367,remain,3
2368,weekday,1
2369,quiet,7
2370,untalkative,1
2371,evening,4
2372,psychiatristShe,1
2373,paxel,1
2374,Klonopin,5
2375,funny,7
2376,appointmenti,1
2377,nerd,4
2378,NeedUm,1
2379,hometown,1
2380,harass,5
2381,comic,10
2382,um,1
2383,nonbinary,1
2384,meaning,1
2385,biologically,1
2386,identify,2
2387,nonbirnary,1
2388,default,2
2389,Gamestop,1
2390,playing,6
2391,label,2
2392,pride,2
2393,compliment,1
2394,taste,4
2395,Magic,2
2396,Night,1
2397,player,1
2398,annoyed,1
2399,misogyny,1
2400,encounter,2
2401,MtG,1
2402,Marvel,3
2403,DC,2
2404,cartoon,1
2405,fanfiction,1
2406,fanblog,1
2407,follower,2
2408,fic,1
2409,Harley,1
2410,Quinn,1
2411,fangirl,1
2412,Jared,1
2413,Leto,1
2414,Tom,1
2415,Holland,1
2416,crush,3
2417,celebrity,1
2418,encyclopedia,1
2419,character,5
2420,graphic,2
2421,novel,4
2422,internet,2
2423,geek,1
2424,identity,1
2425,jaw,2
2426,basketball,1
2427,classmate,1
2428,peer,1
2429,profusfeley,1
2430,education,8
2431,concentrate,2
2432,mode,6
2433,hole,4
2434,scam,1
2435,filling,2
2436,New,7
2437,film,11
2438,AgoraphobiaI,1
2439,Amy,1
2440,Adams,2
2441,portrayal,1
2442,accurate,4
2443,tame,1
2444,Hollywood,1
2445,promising,4
2446,www,31
2447,youtube,11
2448,v,6
2449,quIkrg55QwM,2
2450,broadlyIm,1
2451,rob,4
2452,itApologies,1
2453,intend,3
2454,University,3
2455,politic,1
2456,absolute,3
2457,depressed,3
2458,prospect,3
2459,conscious,2
2460,Dad,3
2461,separation,1
2462,turmoil,1
2463,Grandad,1
2464,funeral,2
2465,consistent,4
2466,derealisation,1
2467,depersonalisation,1
2468,coma,2
2469,tenth,1
2470,victim,3
2471,card,10
2472,wit,1
2473,consequence,2
2474,addictiveness,1
2475,telephone,1
2476,leap,3
2477,minimum,1
2478,affirmation,1
2479,mindfulness,1
2480,expose,7
2481,dizziness,3
2482,rapidly,1
2483,justify,2
2484,garden,10
2485,oppose,5
2486,rate,12
2487,escapist,1
2488,drinking,5
2489,ironically,2
2490,loathe,1
2491,whatsoever,2
2492,eternally,1
2493,Time,1
2494,TravelHi,1
2495,compassion,1
2496,technique,5
2497,playlist,1
2498,prior,6
2499,method,6
2500,sooner,2
2501,doubt,5
2502,Hawaii,1
2503,backward,1
2504,lurker,2
2505,poster,3
2506,TLDR,4
2507,mosty,1
2508,eh,1
2509,6ish,1
2510,lunch,4
2511,-sometimes,1
2512,fist,1
2513,consist,1
2514,milk,1
2515,yesterdays,1
2516,news,7
2517,YouTube,2
2518,opening,4
2519,reward,2
2520,annoy,1
2521,Journal,1
2522,PRomise,1
2523,Lay,1
2524,-Might,2
2525,library,5
2526,distract,7
2527,miserable,6
2528,technically,2
2529,abduct,1
2530,belief,1
2531,reasonable,1
2532,unreasonable,3
2533,compromise,2
2534,necessarily,3
2535,rationalise,1
2536,grad,1
2537,monologue,1
2538,workHey,1
2539,functionally,1
2540,employment,4
2541,freelance,1
2542,highly,6
2543,elect,1
2544,leadership,1
2545,burnout,2
2546,pitch,1
2547,employee,7
2548,prospective,1
2549,employer,3
2550,shame,4
2551,prodcutivity,1
2552,directly,9
2553,covering,2
2554,b,4
2555,particular,2
2556,agoraphobe,4
2557,c,4
2558,meditationnan,1
2559,feedback,7
2560,appreciatedSo,1
2561,unemployed,5
2562,ambition,1
2563,obligation,1
2564,apathy,1
2565,Utah,2
2566,meetup,1
2567,establish,1
2568,outlet,2
2569,judgement,4
2570,shyness,2
2571,Introvert,1
2572,Meetup,2
2573,http,4
2574,meetu,2
2575,ps,2
2576,4xmld,2
2577,zWz2,2
2578,M,6
2579,thrive,2
2580,walmart,2
2581,yard,10
2582,spike,1
2583,virtually,3
2584,admin,1
2585,advertisement,1
2586,Journey,1
2587,tranquility,1
2588,67,1
2589,10000000000,1
2590,PM,2
2591,vent,10
2592,councilling,1
2593,Untill,1
2594,bowling,1
2595,alley,1
2596,silly,1
2597,illogical,1
2598,seizure,3
2599,ptsd,3
2600,suburb,1
2601,councillor,2
2602,referal,1
2603,untill,2
2604,poopingAs,1
2605,relaxed,1
2606,poop,1
2607,HereHey,1
2608,woo,1
2609,hoo,1
2610,therapyDoes,1
2611,hypnosis,1
2612,dawn,2
2613,app,18
2614,consistency,1
2615,aside,5
2616,sooo,2
2617,improvement,5
2618,Ativan,2
2619,wean,2
2620,effective,3
2621,overload,2
2622,beneficial,4
2623,primary,3
2624,addiction,4
2625,‚ô°,3
2626,Book,1
2627,fiction,2
2628,comedy,1
2629,Agorafabulous,2
2630,Dispatches,1
2631,Bedroom,1
2632,Sara,6
2633,Benincasa,3
2634,comedienne,1
2635,hilarious,1
2636,detail,5
2637,server,9
2638,anywho,1
2639,premise,1
2640,BF,3
2641,trundle,1
2642,Alaskan,1
2643,blunt,1
2644,white,1
2645,tbh,3
2646,plain,1
2647,TIA,1
2648,unsafe,4
2649,lease,3
2650,pepper,1
2651,spray,1
2652,S,3
2653,o,1
2654,daytime,2
2655,rambly,1
2656,spot,6
2657,attempt,9
2658,introvert,2
2659,reassure,2
2660,legitimate,3
2661,jobsDue,1
2662,400,2
2663,retail,4
2664,SSA,3
2665,claimhi-,1
2666,file,2
2667,chance,11
2668,heavily,3
2669,energy,5
2670,Progress,1
2671,regression,1
2672,pwease,1
2673,herenan,2
2674,trim,1
2675,provoking,1
2676,verge,2
2677,stylist,1
2678,prop,1
2679,panickiness,1
2680,butI‚Äôm,1
2681,annual,2
2682,fir,2
2683,worseHi,1
2684,sever,3
2685,loss,7
2686,strenght,1
2687,wana,1
2688,trolly,1
2689,üòî,2
2690,American,1
2691,occupy,2
2692,repeat,10
2693,tiring,1
2694,youi‚Äôm,1
2695,ensure,5
2696,bail,4
2697,weed,11
2698,hotboxing,1
2699,boom,2
2700,closing,4
2701,twist,1
2702,normally,7
2703,minuet,1
2704,pounding,1
2705,differently,1
2706,temporary,3
2707,joke,5
2708,spit,1
2709,saliva,1
2710,typical,2
2711,popular,1
2712,miracle,2
2713,down,2
2714,Trust,2
2715,passionate,1
2716,WEED,1
2717,sugar,2
2718,desperation,2
2719,solo,1
2720,taxi,3
2721,ridei‚Äôve,1
2722,lapse,1
2723,visualise,1
2724,horrific,3
2725,bug,1
2726,wearer,1
2727,blurry,2
2728,slight,1
2729,difficulty,6
2730,driveway,5
2731,pregnant,2
2732,Haven,4
2733,junk,1
2734,bird,4
2735,tonightlooking,1
2736,validation,2
2737,Panic,4
2738,snowball,2
2739,fussy,1
2740,9:45,1
2741,ball,7
2742,disaster,1
2743,nauseous,5
2744,shaky,5
2745,wide,5
2746,impend,1
2747,downward,2
2748,spiralI,1
2749,contribute,3
2750,pleaseMy,1
2751,slightly,4
2752,Taco,1
2753,warn,3
2754,duck,1
2755,ideally,2
2756,shitless,3
2757,sonic,1
2758,bej,1
2759,disappointment,3
2760,rn,2
2761,uneasy,1
2762,meI,1
2763,partially,4
2764,estrange,1
2765,acreage,1
2766,hindrance,1
2767,Fomo,1
2768,HateI,1
2769,culture,2
2770,stimulant,1
2771,memory,5
2772,People,8
2773,uninterested,1
2774,pathetic,2
2775,alot,10
2776,gravely,1
2777,coronavirus,13
2778,craving,1
2779,sushi,2
2780,everytime,5
2781,YAYnan,1
2782,interrogation,1
2783,Dr,5
2784,inpatient,5
2785,programme,2
2786,deflate,1
2787,horrify,1
2788,highten,1
2789,withdrawal,1
2790,private,6
2791,violate,1
2792,psycho,2
2793,vibe,3
2794,delete,7
2795,datum,1
2796,turkey,2
2797,earn,13
2798,disregard,1
2799,nonsense,2
2800,proper,2
2801,clock,3
2802,terrifying,9
2803,defeat,2
2804,200,5
2805,170,1
2806,America,2
2807,UK,8
2808,NHS,6
2809,tout,1
2810,28,1
2811,originally,6
2812,entitle,3
2813,45,7
2814,ring,3
2815,haha,5
2816,pharmacy,6
2817,amazed,1
2818,alright,2
2819,populate,2
2820,chav,1
2821,shout,1
2822,knock,4
2823,refer,3
2824,arrange,2
2825,embarrassment,1
2826,asap,1
2827,counter,1
2828,buying,3
2829,imodium,3
2830,existent,1
2831,palpitation,2
2832,Heart,1
2833,ignore,3
2834,dismiss,2
2835,abandon,1
2836,cancer,2
2837,leg,5
2838,logic,2
2839,poorly,1
2840,paralysed,1
2841,outrage,1
2842,   ,4
2843,Linden,1
2844,Method,1
2845,cd,1
2846,fortune,1
2847,brand,1
2848,packet,2
2849,3x,1
2850,strip,1
2851,max,1
2852,burden,5
2853,ESA,1
2854,egg,1
2855,gun,6
2856,sweat,5
2857,whine,3
2858,pity,3
2859,ounce,2
2860,dress,3
2861,hearing,4
2862,climbing,2
2863,Mount,1
2864,Everest,1
2865,extrovert,2
2866,debut,1
2867,hydroxyzine,2
2868,hyperventilating,4
2869,occurring,1
2870,flu,5
2871,randomly,4
2872,Valentine,2
2873,Day,4
2874,robot,2
2875,floor,7
2876,20f,1
2877,technology,2
2878,‚ô•,1
2879,hmmm,1
2880,familiarnan,1
2881,14,10
2882,Agoraphobianan,2
2883,timeThese,1
2884,occurrence,2
2885,engagement,2
2886,drama,2
2887,queen,2
2888,f,6
2889,property,1
2890,forest,2
2891,cloudy,3
2892,April,2
2893,ego,1
2894,acclimatize,1
2895,6months,1
2896,glitchy,1
2897,organize,2
2898,Europe,2
2899,lovely,5
2900,extroverted,2
2901,drought,1
2902,bawling,1
2903,incapacitate,1
2904,engage,3
2905,snap,4
2906,boundary,2
2907,disservice,1
2908,terror,4
2909,strugglesnan,1
2910,specifcally,1
2911,Podcast,3
2912,\\u202aso,1
2913,key,2
2914,\\u202c,1
2915,VR,4
2916,insensitive,2
2917,offence,1
2918,final,4
2919,vr,1
2920,firstly,1
2921,grant,3
2922,strain,1
2923,reinforce,1
2924,lord,1
2925,vein,1
2926,rewarding,1
2927,amusement,1
2928,relatable,2
2929,despise,1
2930,lolololol,1
2931,inspiration,1
2932,controllable,1
2933,distinguish,1
2934,difference,3
2935,hygiene,1
2936,healthily,1
2937,inhabit,1
2938,unoccupied,1
2939,reside,1
2940,progressively,2
2941,strength,4
2942,worthless,5
2943,fianc√©,1
2944,relax,8
2945,wander,4
2946,Cotehele,1
2947,Cornwall,1
2948,southern,1
2949,England,5
2950,Si,1
2951,se,1
2952,puede,1
2953,swing,3
2954,impulsive,1
2955,greatness,1
2956,alive,4
2957,knowing,3
2958,Fuck,1
2959,hug,3
2960,India,1
2961,tomorrowas,1
2962,anxiousness,3
2963,Agrophobia,1
2964,chatWould,1
2965,fellow,3
2966,agrobiac,1
2967,DepressionIm,1
2968,yo,1
2969,drastic,2
2970,bubble,5
2971,seclude,2
2972,70,1
2973,pound,5
2974,dead,4
2975,surround,6
2976,immersion,2
2977,patient,5
2978,staff,1
2979,los,1
2980,angeles,1
2981,couch,3
2982,surfing,1
2983,hostel,1
2984,homeless,4
2985,shelter,2
2986,preferably,1
2987,anxiousi,1
2988,K,1
2989,mart,1
2990,remotasks,1
2991,approve,3
2992,jury,2
2993,dutyI,1
2994,ugh,5
2995,Mobile,1
2996,advertising,2
2997,üòë,1
2998,software,6
2999,disorderI,1
3000,borderline,1
3001,D,4
3002,confine,4
3003,BMW,1
3004,yearsI,1
3005,confront,2
3006,harmful,1
3007,product,5
3008,PD,1
3009,massively,2
3010,heighten,2
3011,strategy,3
3012,tomorrowstarte,1
3013,depressant,2
3014,trazodone,2
3015,tranozodone,1
3016,unlike,3
3017,avail,2
3018,takimg,1
3019,üò¢,1
3020,Surveynan,1
3021,n,9
3022,ig,2
3023,upsetting,2
3024,shite,1
3025,Slushii,1
3026,touring,2
3027,internationally,1
3028,tour,2
3029,kick,11
3030,battery,1
3031,hop,1
3032,cabin,1
3033,fever,5
3034,thx,1
3035,gaming,3
3036,FriendsFeel,1
3037,ya,1
3038,boi,1
3039,league,1
3040,r6,1
3041,warhammer,1
3042,vernintide,1
3043,TheNamesTrevor,1
3044,0323,1
3045,paranoia,7
3046,Storynan,1
3047,groundhog,1
3048,ocd,3
3049,stave,1
3050,distraction,1
3051,wating,1
3052,storm,1
3053,xrhealth,1
3054,telehealth,1
3055,clinic,5
3056,|,7
3057,clinician,1
3058,timenan,1
3059,benzos,1
3060,buddy,4
3061,shoulder,2
3062,downwards,1
3063,comorbidity,1
3064,7hours,1
3065,awaywhat,1
3066,Calcifer,1
3067,arm,3
3068,cheer,1
3069,overwhelmingI,1
3070,forth,1
3071,moderately,1
3072,sprint,2
3073,rinse,1
3074,supper,1
3075,bedtime,1
3076,pee,7
3077,dish,1
3078,laundry,4
3079,housework,1
3080,23rd,1
3081,daughter,5
3082,cave,1
3083,22nd,1
3084,actual,7
3085,sibling,1
3086,law,2
3087,40,9
3088,existence,3
3089,inch,1
3090,DAE,1
3091,Xbox,1
3092,becomei,1
3093,antianxiety,1
3094,powerless,1
3095,ditch,2
3096,journeyi,1
3097,üè†,1
3098,instantly,3
3099,K2,1
3100,spice,1
3101,relearn,1
3102,peripheral,1
3103,tic,3
3104,unaware,4
3105,openly,2
3106,fiance,1
3107,genital,1
3108,glance,1
3109,gesture,1
3110,spill,3
3111,institution,2
3112,joking,2
3113,hereI‚Äôve,1
3114,aspiration,1
3115,television,1
3116,PA,1
3117,96,1
3118,1000,1
3119,taxis,1
3120,socialization,2
3121,{,2
3122,redact,2
3123,},2
3124,credential,1
3125,convincing,1
3126,smile,3
3127,heck,1
3128,arena,1
3129,reveal,2
3130,famous,1
3131,flawlessly,1
3132,routine,10
3133,rid,6
3134,goddam,1
3135,journeysI,1
3136,throwing,5
3137,intrusive,5
3138,independence,3
3139,Japan,1
3140,habit,3
3141,counting,2
3142,purely,1
3143,hypochondria,3
3144,UTI,1
3145,urgency,1
3146,bladder,1
3147,teenager,7
3148,CAN‚ÄôT,1
3149,DON‚ÄôT,1
3150,scarygot,1
3151,occupational,1
3152,pherapist,1
3153,speeding,1
3154,uncontrollable,1
3155,goto,1
3156,terried,1
3157,stair,3
3158,knife,1
3159,whack,1
3160,unwanted,1
3161,torment,1
3162,coupe,1
3163,avoidant,4
3164,steroid,2
3165,chip,3
3166,resemblance,1
3167,bathe,1
3168,stepdaughter,1
3169,admire,1
3170,honesty,1
3171,pleaseee,1
3172,corner,4
3173,stretch,2
3174,vomit,4
3175,Liverpool,1
3176,Birmingham,1
3177,pleaseeee,1
3178,absolitrly,1
3179,storeI‚Äôm,1
3180,-___-,1
3181,separate,4
3182,section,6
3183,footstep,1
3184,hyper,1
3185,vigilant,1
3186,ahhh,1
3187,üôÉ,1
3188,record,9
3189,Shit,2
3190,daysto,1
3191,item,3
3192,amoxaphobic,1
3193,renew,1
3194,DMV,1
3195,exhuated,1
3196,incident,6
3197,plenty,5
3198,rambling,4
3199,helpHey,1
3200,land,1
3201,manageable,1
3202,traumatizing,1
3203,initiate,1
3204,healing,2
3205,Bus,1
3206,Normal,1
3207,fudge,1
3208,flower,1
3209,elevator,4
3210,downtown,3
3211,‚ò∫,1
3212,Ô∏ènan,2
3213,therapistMy,1
3214,escort,1
3215,sunglass,2
3216,location,4
3217,route,5
3218,map,1
3219,ifs,1
3220,scenic,1
3221,tall,3
3222,sky,2
3223,crisp,2
3224,seemingly,1
3225,stun,1
3226,button,1
3227,would\\,2
3228,aloof,1
3229,exhausting,1
3230,omg,3
3231,won\\,7
3232,collapse,2
3233,someday,2
3234,solid,3
3235,rainy,1
3236,fund,3
3237,cheaply,1
3238,decidedly,1
3239,guilt,5
3240,stack,2
3241,uncontrollably,1
3242,Netflix,2
3243,assessment,1
3244,qualify,2
3245,perfectionism,1
3246,rejection,1
3247,participation,2
3248,voice,6
3249,logically,4
3250,vocal,1
3251,lecturer,1
3252,disconnect,1
3253,introductory,1
3254,lesson,2
3255,nerve,3
3256,infrequently,2
3257,introduce,1
3258,preform,1
3259,capacity,1
3260,cue,2
3261,waterworks,2
3262,logical,1
3263,accomodation,4
3264,assess,1
3265,accessible,2
3266,socialising,1
3267,jut,2
3268,failure,3
3269,althought,1
3270,Stil,1
3271,fading,2
3272,extinguisher,1
3273,\\,8
3274,route\\,1
3275,they\\,8
3276,that\\,7
3277,benzodiazepine,2
3278,recovery,17
3279,Working,2
3280,nightly,2
3281,locally,4
3282,club,4
3283,Pok√©mon,1
3284,owl,1
3285,opposite,5
3286,itYou,1
3287,ehhh,1
3288,Main,2
3289,Street,1
3290,4:45,1
3291,HOUSE,1
3292,plant,2
3293,hydrated,1
3294,vitamin,2
3295,effectsMy,1
3296,therapyi,1
3297,duty,1
3298,excusal,1
3299,27,5
3300,devastating,1
3301,disabled,2
3302,practically,1
3303,transit,3
3304,partial,2
3305,licence,1
3306,upgrade,2
3307,arise,1
3308,textbook,1
3309,helicopter,1
3310,benefit,4
3311,bizarre,1
3312,15minute,1
3313,unsurprisingly,1
3314,accommodate,1
3315,visably,1
3316,slamming,1
3317,19F,1
3318,basement,2
3319,bare,3
3320,ofeverything,1
3321,Trazodone,1
3322,scaredthis,1
3323,6th,1
3324,fluoxetine,1
3325,sertraline,1
3326,citalapram,1
3327,venlafaxine,2
3328,mirtazapine,1
3329,puss,1
3330,Seasonal,1
3331,seasonal,1
3332,extra,7
3333,weather,4
3334,season,2
3335,sun,4
3336,shine,1
3337,obvi,1
3338,dehydration,1
3339,shiver,2
3340,lock,2
3341,nonexistent,1
3342,distant,1
3343,questionPeople,1
3344,page,9
3345,raw,2
3346,Y‚Äôall,1
3347,immensely,1
3348,repay,1
3349,MORETHANPHOBIA,3
3350,INSTA,1
3351,INSTAGRAM,2
3352,judgemental,2
3353,morethanphobia,3
3354,Instagram,3
3355,coworker,3
3356,Reddit,7
3357,3:1,1
3358,CBD,4
3359,comfortably,4
3360,THC,3
3361,number,10
3362,familiarity,1
3363,stone,5
3364,stoner,1
3365,hopelessIs,1
3366,tolerance,2
3367,discomfort,2
3368,traumatize,1
3369,overAll,1
3370,sleepless,2
3371,stiffen,1
3372,ulcer,1
3373,spontaneous,1
3374,NYC,4
3375,scholarship,2
3376,TDLR,1
3377,Set,1
3378,foreign,1
3379,accomplishemnt,1
3380,repost,1
3381,flow,2
3382,oil,5
3383,essential,3
3384,STRAIGHT,1
3385,bumpy,1
3386,üíõ,1
3387,brush,1
3388,exaggerate,1
3389,autism,1
3390,sake,3
3391,hurtful,1
3392,DOE,1
3393,handling,1
3394,childlike,1
3395,tantrum,1
3396,excessively,1
3397,pen,2
3398,soothing,1
3399,hahaha,1
3400,jobHi,1
3401,dear,1
3402,terribly,2
3403,angst,3
3404,bay,2
3405,ear,8
3406,ENT,1
3407,vertigo,6
3408,HelpHey,1
3409,aka,1
3410,jump,5
3411,induce,4
3412,AdviceHello,1
3413,soothe,2
3414,manager,3
3415,training,1
3416,screw,7
3417,deny,4
3418,useful,3
3419,Behold,1
3420,agonan,1
3421,yay,2
3422,friendly,3
3423,REMINDER,1
3424,insta,2
3425,YOURE,1
3426,welcome,7
3427,derelict,1
3428,household,3
3429,delinquent,1
3430,dependence,1
3431,violence,1
3432,promiscuity,1
3433,misconduct,1
3434,washing,4
3435,clothe,2
3436,luxury,3
3437,dabble,1
3438,pistol,1
3439,dealer,2
3440,dime,1
3441,shooter,1
3442,hip,1
3443,condemn,1
3444,principal,1
3445,Prison,1
3446,prep,1
3447,Concrete,1
3448,metal,2
3449,fence,2
3450,police,1
3451,sweep,1
3452,-PRON-,2
3453,jail,2
3454,paddy,1
3455,wagon,1
3456,squad,1
3457,seedy,1
3458,command,1
3459,crew,1
3460,teenage,3
3461,robber,1
3462,murder,5
3463,trail,2
3464,grip,2
3465,pavement,1
3466,reconnecte,2
3467,river,2
3468,doobie,1
3469,swap,1
3470,GED,2
3471,Hell,1
3472,machine,1
3473,karma,1
3474,universe,3
3475,rekindle,1
3476,funnily,1
3477,survival,2
3478,mindset,1
3479,praise,2
3480,endlessly,1
3481,minimal,3
3482,breakdown,3
3483,pray,1
3484,quitting,1
3485,restart,1
3486,linear,1
3487,Sensory,1
3488,15-years,1
3489,Kroger,1
3490,Mall,1
3491,y‚Äôknow,1
3492,field,4
3493,lighting,1
3494,outI,1
3495,hadn,3
3496,Meditation,1
3497,bored,3
3498,sensitivity,1
3499,noise,2
3500,ed,1
3501,epileptic,1
3502,schizophrenic,1
3503,2hr,1
3504,hrs,1
3505,PLANE,1
3506,interestednan,1
3507,üéâ,3
3508,concept,2
3509,client,1
3510,hypochondriaca,1
3511,15min,1
3512,idaho,1
3513,york,2
3514,ekg,1
3515,38,1
3516,cardiologist,1
3517,obgyn,1
3518,72,1
3519,Holter,1
3520,thyroid,1
3521,sonogram,1
3522,echocardiogram,1
3523,endocrinologist,1
3524,mri,1
3525,ane,1
3526,20th,1
3527,belove,1
3528,steal,2
3529,1k,1
3530,accountable,1
3531,own,2
3532,pie,1
3533,baker,1
3534,master,1
3535,rain,1
3536,dallas,1
3537,bakery,1
3538,chirstmas,1
3539,thanskgive,1
3540,ect,2
3541,paris,1
3542,london,1
3543,chicago,1
3544,nyc,1
3545,LA,2
3546,ivr,1
3547,neurotypical,1
3548,reminder,1
3549,pounce,1
3550,furniture,3
3551,Tldr,1
3552,silver,2
3553,lining,2
3554,AMA,1
3555,coach,1
3556,mentor,1
3557,survey,29
3558,helpHi,1
3559,DM,2
3560,procrastinate,2
3561,gle,5
3562,zHDNRbzkY1negq8d8,2
3563,pool,1
3564,Goodreads,1
3565,horror,1
3566,supernatural,1
3567,compare,4
3568,theripy,1
3569,Coronavirus,6
3570,centre,3
3571,corona,7
3572,virus,25
3573,worseI,2
3574,intensely,1
3575,material,1
3576,menial,1
3577,üòû,1
3578,harderi,1
3579,DiscordHey,1
3580,üòÖ,1
3581,official,1
3582,DX,1
3583,hypochondriac,1
3584,paralyzed,3
3585,contagious,1
3586,lowsthis,1
3587,intensive,2
3588,\\\\-venture,2
3589,ocean,3
3590,insect,1
3591,\\\\-I,2
3592,tend,5
3593,Low,1
3594,mouthful,1
3595,interview\\,1
3596,weepy,1
3597,\\\\-Had,1
3598,venture,1
3599,tailoring,1
3600,Withdrawal,1
3601,\\\\-we,1
3602,\\\\-My,1
3603,wifi,1
3604,unexpectedly,1
3605,frame,3
3606,agoraphobiai‚Äôve,1
3607,tweak,1
3608,limb,1
3609,movement,1
3610,appear,3
3611,motor,1
3612,sip,1
3613,waitres,1
3614,table,1
3615,impossible,6
3616,implode,2
3617,jarble,1
3618,nod,1
3619,privacy,8
3620,fresh,6
3621,orient,1
3622,gross,3
3623,700,1
3624,claustrophobia,2
3625,flip,4
3626,august,3
3627,itch,1
3628,¬Ø\\\\\\\\\\\\,1
3629,„ÉÑ,1
3630,\\\\,1
3631,¬Ø,1
3632,gang,1
3633,chatroulette,2
3634,dick,1
3635,geez,1
3636,mimic,1
3637,moon,1
3638,Extreme,1
3639,toothachei,1
3640,diazipam,1
3641,covsultation,1
3642,fuzzy,1
3643,suicidality,2
3644,TWi,1
3645,plague,3
3646,ingrain,1
3647,regularly,3
3648,tremendous,1
3649,misery,1
3650,hatre,2
3651,despair,1
3652,despondency,1
3653,dismal,1
3654,Sea,1
3655,gear,2
3656,‚õÖ,1
3657,üò§,1
3658,butt,2
3659,cramped,1
3660,double,2
3661,tinnitus,2
3662,blare,1
3663,birdwatch,1
3664,abscess,2
3665,persistent,1
3666,stem,2
3667,lymph,1
3668,node,1
3669,underneath,1
3670,tender,1
3671,radiate,1
3672,mailbox,3
3673,antibiotic,1
3674,crossing,1
3675,finger,2
3676,feelingI,1
3677,adhd,1
3678,ahold,1
3679,rebellious,1
3680,EmploymentIf,1
3681,web,2
3682,developer,1
3683,workday,1
3684,D√©r√©alisation,1
3685,AgoraphobiaAbout,1
3686,tremble,2
3687,external,1
3688,melting,1
3689,d√©r√©alisation,1
3690,consume,2
3691,Roxanne,1
3692,Agoraphobicnan,1
3693,132,1
3694,secondsnan,1
3695,dirt,1
3696,collect,3
3697,medal,1
3698,detect,1
3699,hiking,3
3700,planet,2
3701,TW,1
3702,harassment,3
3703,Paris,2
3704,catcalling,1
3705,stalk,2
3706,guarantee,1
3707,pester,2
3708,makeup,2
3709,waiter,1
3710,disgust,1
3711,carry,6
3712,alarm,1
3713,awkward,2
3714,afternoon,2
3715,deter,1
3716,Parisian,1
3717,creeps,1
3718,myselfso,1
3719,heath,1
3720,ward,2
3721,overnight,2
3722,thankfully,3
3723,discharge,1
3724,musculoskeletal,1
3725,unpredictable,1
3726,dodo,1
3727,esteem,2
3728,upThese,1
3729,peek,2
3730,2nd,2
3731,celebration,1
3732,flood,1
3733,violently,1
3734,spin,3
3735,grounding,2
3736,complexity,1
3737,addition,2
3738,dig,2
3739,insightful,1
3740,psychotherapy,1
3741,traunatic,1
3742,AvPD,2
3743,Social,2
3744,border,2
3745,hoodie,1
3746,precipitate,1
3747,storeI,1
3748,tension,2
3749,clerk,1
3750,operation,2
3751,sneer,1
3752,bong,1
3753,transplant,1
3754,fragile,1
3755,coat,1
3756,fancy,4
3757,homeHello,1
3758,copy,1
3759,paste,1
3760,----,27
3761,Swagbucks,1
3762,15-,3
3763,Hulu,3
3764,swagbucks,2
3765,p,2
3766,rb=50837036,2
3767,SB,4
3768,credit,6
3769,99,4
3770,GC,2
3771,PayPal,7
3772,subscription,2
3773,equivalent,3
3774,16-,1
3775,25-,2
3776,SoFi,8
3777,deposit,14
3778,sofi,2
3779,2641744,2
3780,APY,1
3781,SSN,1
3782,soft,1
3783,Experian,1
3784,bonus,6
3785,direct,3
3786,150,1
3787,stock,2
3788,invest,4
3789,000,3
3790,additional,2
3791,profit,2
3792,Chime,3
3793,chime,1
3794,roberthurst8,1
3795,exact,4
3796,debit,1
3797,activate,1
3798,eToro,1
3799,etoro,1
3800,tw,1
3801,31a5o9b,1
3802,crypto,4
3803,trading,1
3804,Fund,1
3805,ref,9
3806,10-,5
3807,quiz,1
3808,coinbase,1
3809,oxt,1
3810,cfspw3b9,1
3811,wallet,3
3812,cash,7
3813,usd,2
3814,token,1
3815,available,8
3816,signing,4
3817,OhmConnect,2
3818,ohm,1
3819,7secondman,2
3820,utility,2
3821,California,1
3822,Texas,2
3823,Toronto,2
3824,PGE,1
3825,SCE,1
3826,SDGE,1
3827,Smart,1
3828,Meter,1
3829,Hydro,1
3830,essentially,3
3831,status,2
3832,device,3
3833,NEST,1
3834,redditor,3
3835,goodwill,1
3836,feature,2
3837,February,6
3838,SirRaygun,1
3839,Qapital,2
3840,qapital,1
3841,y2bsNIAXH0,1
3842,user,5
3843,prevent,5
3844,buck,5
3845,bill,3
3846,inclusive,1
3847,compile,2
3848,upwards,1
3849,beermoney,1
3850,Beermoney,1
3851,Urban,1
3852,Dictionary,1
3853,Extra,2
3854,payment,3
3855,pint,1
3856,draft,1
3857,definition,1
3858,income,5
3859,count,12
3860,supersecretspare,1
3861,au5am7,1
3862,saving_money_online_in_2019,1
3863,definitive,1
3864,requirement,1
3865,recap,1
3866,revenue,2
3867,stream,2
3868,proof,1
3869,laptop,2
3870,out\\,1
3871,temperament,1
3872,cellphone,1
3873,permission,1
3874,amazon,2
3875,dp,2
3876,B07W795PBP,1
3877,respondent,3
3878,io,2
3879,brunihurst-171379f42e11,1
3880,imgur,17
3881,oSpkC5o,1
3882,averaging,1
3883,125,1
3884,qualification,2
3885,score,1
3886,screener,1
3887,webcam,2
3888,payout,4
3889,SwagBucks,2
3890,775,1
3891,kwwolys,1
3892,Surveys,1
3893,‚Äì,2
3894,Majority,1
3895,purchase,2
3896,01,1
3897,1800,1
3898,ad,1
3899,plug,1
3900,Mturk,3
3901,mturk,2
3902,142,1
3903,AhWXpuw,1
3904,confirm,3
3905,Canada,4
3906,Aus,1
3907,earner,1
3908,Downside,1
3909,slim,1
3910,picking,1
3911,batch,1
3912,approval,2
3913,Secret,2
3914,merch,2
3915,referral_code,1
3916,roberthw77d,1
3917,uk,3
3918,marketforceshopper,1
3919,485,1
3920,HfQ7PZw,1
3921,evaluation,3
3922,code,2
3923,download,3
3924,picture,1
3925,hr,1
3926,Usertesting,1
3927,usertesting,1
3928,800,1
3929,ab5ptaN,1
3930,select,2
3931,dozen,1
3932,Redbubble,1
3933,redbubble,1
3934,305,1
3935,wobuyuz,1
3936,talkable,1
3937,VznBIO,1
3938,T,2
3939,shirt,3
3940,Worldwide,2
3941,design,5
3942,publish,1
3943,netting,1
3944,base,6
3945,Australia,2
3946,out,1
3947,15th,1
3948,uploading,1
3949,keyword,2
3950,artistic,1
3951,creative,2
3952,prolific,3
3953,ac,2
3954,V8GXSTt,1
3955,british,1
3956,GBP,1
3957,25x,1
3958,availability,1
3959,disqualify,1
3960,demographic,2
3961,¬£,2
3962,tab,2
3963,balance,2
3964,Ebay,1
3965,ebay,1
3966,190,2
3967,SVhmvu5,1
3968,selling,1
3969,eBay,1
3970,Beginner,1
3971,inventory,1
3972,ebook,1
3973,B07HT4Y9J6,1
3974,sr_1_15,1
3975,ebay+for+beginner,1
3976,qid=1553285100,1
3977,gateway,1
3978,sr=8,1
3979,beginner\\,1
3980,dedicate,2
3981,PlaytestCloud,1
3982,playtestcloud,1
3983,signup,1
3984,Video,1
3985,9-,1
3986,UsabilityHub,1
3987,usabilityhub,1
3988,U4FhJIQ,1
3989,spectacular,1
3990,UserInterviews,1
3991,userinterviews,1
3992,China,2
3993,Yelp,1
3994,BBB,1
3995,monetize,1
3996,u_supersecretspare,1
3997,cfoud7,1
3998,manufactured_review,1
3999,ref_source,2
4000,subscribe,1
4001,outline,1
4002,slavelabour,2
4003,daunting,1
4004,offering,4
4005,essay,1
4006,gem,1
4007,92k4n0,1
4008,task_find_one_of_my_favourite_books_80,1
4009,woincomereport,1
4010,gold,1
4011,original,4
4012,signupsforpay,1
4013,slave,1
4014,labour,1
4015,signups,1
4016,electric,1
4017,acorn,1
4018,grand,3
4019,giftcardexchange,1
4020,90,5
4021,hundred,2
4022,caution,1
4023,Trade,1
4024,carefully,1
4025,placeI,1
4026,rollercoaster,1
4027,depersonalization,4
4028,reflect,1
4029,boy,2
4030,trial,3
4031,error,1
4032,18277282,1
4033,hesitate,1
4034,coddle,2
4035,demon,2
4036,adventure,2
4037,Vlognan,1
4038,ssdi,3
4039,lawyer,1
4040,appeal,2
4041,award,1
4042,ssi,1
4043,schoolhi,1
4044,taper,1
4045,2017,2
4046,existential,1
4047,solipsism,1
4048,fuckboy,1
4049,fallback,1
4050,COVID-19The,1
4051,wtf,1
4052,36,2
4053,regretful,2
4054,recollection,1
4055,sheer,1
4056,agony,1
4057,agonising,1
4058,MelzapHas,1
4059,melzap,1
4060,md,1
4061,aap,1
4062,Guilty,2
4063,pleasure,4
4064,audibly,1
4065,realistically,1
4066,afraidbee,1
4067,painful,1
4068,Coronavirusnan,1
4069,insomniac,1
4070,incompatible,1
4071,Russia,1
4072,Turkey,1
4073,Italy,2
4074,Florida,1
4075,jobless,1
4076,colapse,1
4077,leaveit,1
4078,jr,1
4079,pump,1
4080,af,1
4081,wad,1
4082,approche,1
4083,beneath,1
4084,couldent,1
4085,replace,2
4086,excitment,1
4087,suisidal,1
4088,ideation,1
4089,Places,2
4090,walkins,1
4091,optomitrist,1
4092,whar,1
4093,realy,1
4094,plummet,1
4095,Agoraphia,1
4096,BP,1
4097,II,1
4098,MDD,1
4099,helo,1
4100,ridicule,1
4101,snake,2
4102,rat,1
4103,leeching,1
4104,bipolar,7
4105,donate,2
4106,charity,2
4107,dosent,2
4108,father,6
4109,leech,1
4110,buffalo,1
4111,farm,1
4112,aunt,1
4113,cam,1
4114,omegle,1
4115,footage,1
4116,outburst,1
4117,backstorie,1
4118,sedationterrifie,1
4119,sedation,1
4120,latex,1
4121,glove,2
4122,garbage,2
4123,bearable,1
4124,KarmaSo,1
4125,tire,1
4126,Virtual,1
4127,anxietynan,1
4128,agoraphobiaI‚Äôm,1
4129,channel,3
4130,surveymonkey,1
4131,kmc2f8q,1
4132,suspect,2
4133,autonomy,2
4134,radius,2
4135,complication,1
4136,sanctuary,1
4137,mover,1
4138,COVID-19,13
4139,careful,1
4140,contract,1
4141,asthma,2
4142,47,1
4143,cough,2
4144,rise,4
4145,NDE,1
4146,relative,1
4147,tea,1
4148,decaf,1
4149,imaginary,1
4150,advise,5
4151,destination,6
4152,sane,1
4153,‚Ä¶,2
4154,victory,5
4155,closure,1
4156,babysitting,1
4157,ironic,1
4158,lockdown,5
4159,strict,3
4160,hectic,1
4161,oddly,1
4162,tik,1
4163,tok,1
4164,humour,1
4165,appreciatenan,1
4166,Round,1
4167,purpose,6
4168,solitude,3
4169,comically,1
4170,apology,2
4171,simultaneously,2
4172,atMy,1
4173,indicate,1
4174,sensory,1
4175,backseat,3
4176,pandemic,20
4177,APARTMENT,1
4178,quarantine,41
4179,also-,1
4180,meme,3
4181,loneliness,3
4182,questionSo,1
4183,Mike,1
4184,lexapro,1
4185,alleviate,1
4186,unknown,1
4187,60lbs,1
4188,wedding,3
4189,BlahHey,1
4190,intoxicate,1
4191,influence,1
4192,ü•∫,1
4193,Scared,2
4194,establishment,1
4195,clase,2
4196,everybody,3
4197,avpd,1
4198,volunteering,2
4199,owner,9
4200,disturb,2
4201,lunatic,1
4202,Overall,2
4203,glimmer,1
4204,gal,1
4205,covid19,1
4206,outbreak,2
4207,offend,3
4208,competition,2
4209,visualization,1
4210,Progressive,1
4211,relaxation,1
4212,bath,2
4213,semi,3
4214,province,1
4215,98,1
4216,unsure,2
4217,-anxiety,2
4218,-fear,3
4219,terrorist,2
4220,-paranoia,1
4221,-dreading,1
4222,unpleasant,2
4223,-this,1
4224,natural,2
4225,Tavor,1
4226,2015,1
4227,4th,1
4228,sight,3
4229,body\\,1
4230,wouldn\\,2
4231,forbid,1
4232,sidewalk,1
4233,backroad,1
4234,better,1
4235,forced,1
4236,üòñ,1
4237,üò£,1
4238,üíñ,2
4239,actualization,1
4240,Jia,1
4241,1faipqlsej5kq2szn8w1vqt0yikyweyxefiipbbvyokmbqagat3qnlyw,1
4242,luckI,1
4243,vote,1
4244,marijuana,2
4245,refill,5
4246,bsWas,1
4247,üò•,1
4248,minutesF,1
4249,folk,1
4250,Ill,1
4251,potential,1
4252,reign,2
4253,backslide,2
4254,ordeal,1
4255,myth,1
4256,hypothetical,1
4257,maaaaaaybe,1
4258,outlook,1
4259,seriousness,1
4260,majority,6
4261,population,2
4262,healthcare,2
4263,overrun,1
4264,sanitize,1
4265,disinfect,2
4266,breeze,1
4267,guideline,3
4268,refresh,1
4269,Personal,1
4270,crisis,4
4271,Cheers,2
4272,menan,1
4273,Memes,1
4274,continuously,1
4275,influencer,1
4276,fry,1
4277,once,1
4278,misunderstood,1
4279,SetbacksI,1
4280,immunocompromised,1
4281,massive,1
4282,sanitizing,1
4283,earthquake,1
4284,significantly,3
4285,Mental,2
4286,Health,1
4287,Skillsnan,1
4288,pastI,1
4289,panicking,1
4290,programmersI,1
4291,programmer,1
4292,flyI,1
4293,back,1
4294,slot,2
4295,Whatsapp,1
4296,emptyAll,1
4297,World,1
4298,thunder,1
4299,lightning,1
4300,toothless,1
4301,Joe,1
4302,mod,1
4303,overhaul,1
4304,active,2
4305,gg,1
4306,DEYwVH,1
4307,sensationalize,1
4308,Window,1
4309,announce,1
4310,amy,1
4311,genuine,1
4312,sensationalism,1
4313,detrimental,1
4314,youtu,3
4315,J0hTmzISOlQ,1
4316,üêù,1
4317,KindI,1
4318,comparable,2
4319,disordered,2
4320,aren\\,1
4321,unnecessary,2
4322,fearI,1
4323,SPREAD,1
4324,civilization,1
4325,Ww2,1
4326,percentage,1
4327,vast,2
4328,complaint,1
4329,offensive,4
4330,insult,1
4331,outsider,2
4332,spectrum,1
4333,18yrs,1
4334,familyY,1
4335,normies,1
4336,unwashed,1
4337,stink,1
4338,ion,1
4339,pajamas,1
4340,gussie,1
4341,chore,2
4342,glorify,1
4343,eating,1
4344,boredom,1
4345,Pets,1
4346,foster,1
4347,assistance,1
4348,golden,1
4349,op,1
4350,Gen,1
4351,fingertip,1
4352,Library,1
4353,Congress,1
4354,wallow,1
4355,sooth,1
4356,savage,1
4357,beast,1
4358,ornery,1
4359,importantly,1
4360,xdnan,1
4361,disastrous,1
4362,DPDR,1
4363,jogging,1
4364,unbearable,3
4365,manic,1
4366,exacerbate,1
4367,valium,1
4368,prn,1
4369,faught,1
4370,anythingI,1
4371,juggle,1
4372,defer,1
4373,mortgage,2
4374,prayer,1
4375,LonielessBeen,1
4376,void,2
4377,rot,1
4378,phoneA,1
4379,grandpa,2
4380,paperwork,1
4381,wich,1
4382,affair,1
4383,amuse,1
4384,evil,2
4385,soooo,1
4386,satisfy,1
4387,payback,1
4388,thriller,1
4389,hallucination,1
4390,quarentine,1
4391,inoffensive,1
4392,hugely,1
4393,hullucinations,1
4394,novelty,1
4395,quarter,3
4396,excess,1
4397,nut,1
4398,observation,1
4399,SSIHow,1
4400,SSI,1
4401,Covid,4
4402,Unhealthy,1
4403,apprehension,2
4404,trough,1
4405,comfy,1
4406,curfew,2
4407,shall,1
4408,Nik,1
4409,personallyas,1
4410,restorative,1
4411,restless,1
4412,vibrant,1
4413,equate,1
4414,uplifting,1
4415,reenergise,1
4416,aspect,1
4417,agora,1
4418,inexplicable,1
4419,spaces-,1
4420,Nevada,2
4421,hellsocial,1
4422,analyze,1
4423,instant,1
4424,fascinating,1
4425,5475,1
4426,plot,2
4427,Post,3
4428,overI,1
4429,Pennsylvania,1
4430,shutdown,2
4431,necessity,4
4432,lo,1
4433,behold,1
4434,majorly,1
4435,omgomgomgomg,1
4436,backSo,1
4437,CPTSD,1
4438,chrinic,1
4439,luckily,1
4440,scraping,1
4441,mal,1
4442,SA,1
4443,survivor,1
4444,eligible,2
4445,housing,1
4446,hallucinate,2
4447,    ,5
4448,salad,2
4449,fixing,1
4450,weren\\,1
4451,shelf,2
4452,hoarder,1
4453,     ,1
4454,apple,1
4455,turnover,1
4456,reader,1
4457,purchace,2
4458,buisnesse,1
4459,he\\,1
4460,forehead,1
4461,ATM,4
4462,money-,1
4463,walker,1
4464,lift,6
4465,entrence,1
4466,orange,1
4467,onion,1
4468,roll,1
4469,olive,1
4470,dangerous,4
4471,granite,1
4472,WUSS,1
4473,hardcore,1
4474,:3,1
4475,       ,1
4476,\\\\~fin\\\\~,1
4477,joba,1
4478,develope,2
4479,coope,1
4480,irresponsible,1
4481,selfish,4
4482,climate,1
4483,Man,1
4484,timeline,1
4485,30-,2
4486,10th-,1
4487,22-,1
4488,24-,2
4489,Christmas-,1
4490,27-,1
4491,28-,2
4492,29-,1
4493,cig,1
4494,Years-,1
4495,1-,3
4496,4-,1
4497,7-,1
4498,20-,2
4499,farth,1
4500,21-,1
4501,5-,1
4502,11-,1
4503,transfer,1
4504,Present,1
4505,day-,1
4506,femember,1
4507,pulse,2
4508,Clinicalnan,1
4509,thisI,1
4510,downhill,3
4511,employ,1
4512,costumer,1
4513,facebook,3
4514,nore,1
4515,element,1
4516,Meds,1
4517,DilemmaHi,1
4518,unaccompanied,1
4519,erupt,1
4520,loom,2
4521,wail,1
4522,puddle,1
4523,delivery,11
4524,tablet,1
4525,sustain,1
4526,unpopular,1
4527,suds,1
4528,Muscle,1
4529,Water,1
4530,splash,1
4531,goes,1
4532,rewire,1
4533,fuel,1
4534,anxietycoach,1
4535,exposuretherapy,1
4536,html,1
4537,youi,1
4538,fishtank,1
4539,uplifted,1
4540,gratitude,1
4541,pantry,2
4542,qualified,1
4543,application,3
4544,voicemail,1
4545,Saturday,2
4546,sector,1
4547,uncertainty,1
4548,instability,1
4549,AGORAPHOBIC,1
4550,MULTIPLE,1
4551,DISORDERI‚Äôm,1
4552,anger,1
4553,yelling,3
4554,chewing,1
4555,hotline,3
4556,Progress[Long,1
4557,safeguard,1
4558,small\\,1
4559,foreseeable,1
4560,board,1
4561,scrap,1
4562,therapeutic,1
4563,diary,1
4564,gardening,1
4565,balcony,2
4566,lawn,1
4567,outdoors,2
4568,tentative,1
4569,wine,1
4570,lather,1
4571,moisturiser,1
4572,burner,1
4573,diffuser,1
4574,Headspace,1
4575,rewatch,1
4576,favourite,1
4577,fashion,1
4578,Twitter,1
4579,bout,1
4580,relapsei,1
4581,remission,1
4582,180,1
4583,jealous,1
4584,dissociation,2
4585,puzzle,1
4586,pajama,1
4587,God,1
4588,JobI‚Äôm,1
4589,stocker,1
4590,feesible,1
4591,county,2
4592,sheriff,1
4593,unreported,1
4594,precaution,1
4595,knot,1
4596,tense,1
4597,dodge,1
4598,tie,1
4599,hazard,1
4600,compensation,1
4601,timer,1
4602,genre,2
4603,art,5
4604,HMU,1
4605,tune,1
4606,mandate,2
4607,homeWas,1
4608,earlier,1
4609,asleep,5
4610,bowl,3
4611,cereal,1
4612,slice,3
4613,salami,2
4614,pasta,1
4615,hot,2
4616,corn,1
4617,prevention,1
4618,reset,1
4619,spoonful,1
4620,broth,1
4621,revolve,1
4622,41,2
4623,Imaging,1
4624,frequency,1
4625,context,3
4626,countless,1
4627,instance,1
4628,verbal,1
4629,provoke,1
4630,bullying,3
4631,voluntary,1
4632,traumatise,1
4633,C,1
4634,EmetophobiaDoes,1
4635,safely,1
4636,scope,1
4637,correct,1
4638,minuteGiven,1
4639,Sarajevo,1
4640,unavoidable,2
4641,relentless,1
4642,extraordinarily,1
4643,commitment,1
4644,advocate,1
4645,SAFE,1
4646,fngwh5,2
4647,my\\\\_biggest\\\\_fear\\\\_is\\\\_not\\\\_catching\\\\_a\\\\_virus\\\\_or\\\\_dying,1
4648,my_biggest_fear_is_not_catching_a_virus_or_dying,1
4649,improv,1
4650,Medium,1
4651,yoantoneo,1
4652,agoraphobia-1f47d67d7ef5,1
4653,DocumentaryHello,1
4654,producer,1
4655,production,1
4656,Dramadan,1
4657,documentary,2
4658,series,1
4659,explore,3
4660,validationI,1
4661,validate,2
4662,unjustified,1
4663,peopleI,1
4664,dismissive,1
4665,34F,1
4666,welfare,1
4667,awful-,1
4668,shoe,1
4669,wow,2
4670,family-,1
4671,expert,2
4672,alll,1
4673,crisis-,2
4674,for-,1
4675,imply,1
4676,threat,1
4677,NDIS,1
4678,funding,1
4679,discount,1
4680,quarantineHi,1
4681,COVID,1
4682,-19,1
4683,passenger,3
4684,emulate,1
4685,worsebefore,1
4686,applaud,1
4687,hve,1
4688,witness,1
4689,againbefore,1
4690,homebody,1
4691,bite,2
4692,bullet,1
4693,supply,2
4694,cheque,1
4695,whisper,2
4696,shrug,1
4697,neutral,1
4698,expression,1
4699,shove,2
4700,lobby,2
4701,guard,1
4702,911,2
4703,neighbourhood,1
4704,rational,1
4705,outsidei,1
4706,irritate,1
4707,nonetheless,1
4708,recommendationsAny,1
4709,gabapentin,1
4710,Poll,1
4711,poll,1
4712,ftnsmk,1
4713,storyhello,1
4714,oops,1
4715,paragraph,2
4716,ripe,1
4717,pause,4
4718,trans,1
4719,needle,1
4720,hormone,1
4721,specialize,1
4722,intermittently,1
4723,here\\,1
4724,dive,1
4725,murky,1
4726,piranha,1
4727,vague,1
4728,imaginable,1
4729,confess,2
4730,unthinkable,1
4731,outpatient,2
4732,commit,1
4733,indefinite,1
4734,crawl,1
4735,coax,1
4736,bow,1
4737,tuck,1
4738,fare,1
4739,visceral,1
4740,skin,2
4741,behavioral,2
4742,teach,1
4743,backwards,1
4744,moron,1
4745,Target,1
4746,seven,1
4747,cruel,1
4748,laughably,1
4749,intensity,1
4750,inconvenient,1
4751,hindsight,1
4752,should\\,2
4753,eager,1
4754,sitter,1
4755,puke,1
4756,anticipatory,1
4757,drowning,1
4758,acknowledge,1
4759,presence,1
4760,validity,1
4761,headrest,1
4762,wheel,3
4763,mistake,1
4764,owe,1
4765,triumph,1
4766,sorrow,1
4767,shield,1
4768,resilient,1
4769,precious,2
4770,unique,4
4771,unmatched,1
4772,uh,1
4773,dms,1
4774,mature,1
4775,welp,2
4776,regress,2
4777,rap,1
4778,220lbs,1
4779,recreational,1
4780,insomnia,1
4781,Flat,1
4782,Pharmacy,1
4783,overfill,1
4784,clueless,1
4785,quantity,3
4786,Medicaid,2
4787,payor,1
4788,üòà,1
4789,epidemic,1
4790,cute,1
4791,alongside,1
4792,accustom,1
4793,wholesome,1
4794,sadbecause,1
4795,exames,1
4796,june,1
4797,hive,1
4798,Corona,1
4799,covid,5
4800,adviceHi,1
4801,-shrug-,1
4802,exceptionally,1
4803,strike,1
4804,toast,1
4805,swig,1
4806,pedialyte,1
4807,trend,1
4808,speed,1
4809,bump,1
4810,driving,4
4811,culdesac,1
4812,football,1
4813,horrifying,1
4814,adjust,1
4815,familiar,3
4816,85,1
4817,outskirt,1
4818,pizza,2
4819,joint,1
4820,detergent,1
4821,clinical,1
4822,occasional,1
4823,sympathetic,1
4824,redlining,1
4825,downstairs,1
4826,mudroom,1
4827,package,1
4828,R95,1
4829,respirator,1
4830,suit,1
4831,protective,1
4832,weapon,1
4833,unclean,1
4834,quarantinedRight,1
4835,congest,1
4836,curbside,1
4837,pickup,1
4838,discouragement,1
4839,midst,1
4840,jumping,1
4841,Lysol,1
4842,Big,1
4843,portion,1
4844,clue,1
4845,discussion,1
4846,zoom,7
4847,therapyHello,1
4848,transition,2
4849,remote,2
4850,telemental,1
4851,spiking,1
4852,adapt,1
4853,fantastic,2
4854,Oculus,1
4855,headset,1
4856,verbally,2
4857,additionally,2
4858,lag,1
4859,sky9jkz7k8vbfkws8,1
4860,ü•∞,4
4861,giddy,1
4862,mutual,1
4863,epiphany,1
4864,serve,2
4865,racist,1
4866,combine,1
4867,Skyped,1
4868,respectful,1
4869,assure,1
4870,absorb,1
4871,foresee,1
4872,bone,1
4873,recs,1
4874,memoir,2
4875,nonfiction,1
4876,tangential,1
4877,instacart,1
4878,DerealizationMost,1
4879,foggy,2
4880,comunicate,1
4881,relationate,1
4882,‡∞ó‡±Å‡∞Ç‡∞™‡±Å‡∞≤‡±Å,1
4883,‡∞¨‡∞π‡∞ø‡∞∞‡∞Ç‡∞ó,1
4884,‡∞™‡±ç‡∞∞‡∞¶‡±á‡∞∂‡∞æ‡∞≤‡∞Ç‡∞ü‡±á,1
4885,‡∞≠‡∞Ø‡∞Çnan,1
4886,arachnophobic,1
4887,hardnan,1
4888,introduction,1
4889,24yr,1
4890,NASA,1
4891,mere,1
4892,Schizophrenic,1
4893,unlucky,1
4894,pullup,1
4895,dump,2
4896,LDR,1
4897,muster,1
4898,attractive,1
4899,COVIDSo,1
4900,---,1
4901,31,1
4902,Rewind,1
4903,yrs,1
4904,surreal,2
4905,tennis,2
4906,court,1
4907,trade,1
4908,revert,1
4909,IT\\,1
4910,introspective,1
4911,author,2
4912,AgorafabulousHi,1
4913,writer,3
4914,comedian,1
4915,inspiring,1
4916,comicsbookclub,2
4917,libsyn,2
4918,sara,2
4919,benincasa,2
4920,miscarriage,1
4921,postpartum,1
4922,ha,1
4923,Worksheet,1
4924,better]nan,1
4925,againAfter,1
4926,Learnt,1
4927,trucking,1
4928,badIt,1
4929,strongly,1
4930,exhilarating,1
4931,serene,1
4932,chirp,1
4933,covid-19,1
4934,tragic,1
4935,subreddit,6
4936,expire,2
4937,Apps,1
4938,IsolatingWhilst,1
4939,range,2
4940,questpsychologyservices,2
4941,spongebob,1
4942,thishttps,1
4943,9i,1
4944,zqgarqp0,1
4945,demand,1
4946,through,1
4947,genuinely,1
4948,attackthis,1
4949,calf,1
4950,Pepsi,1
4951,MedicineI,1
4952,telemedicine,3
4953,excruciating,2
4954,Nervous,1
4955,appointmentI,1
4956,ultrasound,1
4957,neck,1
4958,iti‚Äôm,1
4959,rhinoplasty,1
4960,illusion,1
4961,nose,1
4962,claim,1
4963,procedure,1
4964,rationalize,1
4965,troublesome,1
4966,Happy,1
4967,sucky,2
4968,thingi‚Äôve,1
4969,schoolwork,1
4970,Wednesday,1
4971,9x,1
4972,commission,4
4973,print,1
4974,utterly,1
4975,empower,1
4976,parenthood,1
4977,recognition,1
4978,disobedient,1
4979,quarantinei,1
4980,attendance,2
4981,alcoholic,1
4982,comprehend,1
4983,attach,1
4984,preparation,1
4985,germ,1
4986,fr3iyr\\\\_zzak,1
4987,fr3iyr_zzak,1
4988,interactionsI,1
4989,grass,1
4990,diagnoally,1
4991,humongous,1
4992,giant,1
4993,triple,1
4994,sixty,1
4995,moss,1
4996,chatty,1
4997,üôÅ,1
4998,ineffective,1
4999,worseever,1
5000,fan,1
5001,meIt\\,1
5002,patron,1
5003,overflow,1
5004,van,2
5005,potato,1
5006,dialing,1
5007,agoromphobiaens,1
5008,homesickness,3
5009,childI,1
5010,hone,3
5011,iI,1
5012,runaway,1
5013,twin,1
5014,babysitter,1
5015,umm,1
5016,Lovesick,1
5017,wpuld,1
5018,raise,1
5019,truck,2
5020,9n,1
5021,Hip,1
5022,Hop,1
5023,musicnan,1
5024,flair,1
5025,monophobia,1
5026,please**doe,1
5027,loser,1
5028,helpI,1
5029,respect,1
5030,therapyHey,1
5031,nauseated,1
5032,meltdown,1
5033,Music,3
5034,‚òÖ,1
5035,03nan,1
5036,questionhi,1
5037,Anthony,2
5038,Padilla,2
5039,agoraphobicsnan,1
5040,Pregabalin,1
5041,meFor,1
5042,unmanageable,1
5043,nationally,1
5044,rank,1
5045,debate,1
5046,flounder,1
5047,hospitalize,1
5048,briefly,1
5049,solution,2
5050,market,1
5051,boil,1
5052,guidance,1
5053,ammo,1
5054,homelessness,1
5055,institutionalize,1
5056,anthony,1
5057,padilla,1
5058,agoraphobics[https,1
5059,JS7yXjAZrxg,2
5060,fetish,1
5061,luxurious,1
5062,zombie,3
5063,autopilot,1
5064,load,1
5065,adrenal,2
5066,gland,2
5067,backsie,1
5068,grieving,1
5069,incomprehensible,1
5070,tragedy,1
5071,ceremony,1
5072,rona,1
5073,thoughtsim,1
5074,weiird,1
5075,ur,1
5076,invert,1
5077,twilight,1
5078,quarantineit\\,1
5079,awe,1
5080,guys\\,1
5081,tryina,1
5082,"thanks""so",1
5083,neet,1
5084,tolerable,1
5085,unconditionally,1
5086,aah,1
5087,impose,1
5088,semantic,1
5089,meCouldn,1
5090,potentially,1
5091,11yrs,1
5092,realization,1
5093,kidnapping,1
5094,robbery,1
5095,shooting,1
5096,appoint,1
5097,cricket,1
5098,reluctantly,1
5099,persist,2
5100,alert,2
5101,grave,2
5102,creator,1
5103,livestreamer,1
5104,ServerCan,1
5105,postHello,1
5106,unaccomplished,1
5107,aswell,1
5108,Effexor,1
5109,ssuggeste,1
5110,Therapist,1
5111,Intern,1
5112,Agoraphobics‚Äùnan,1
5113,lifeLife,1
5114,propel,1
5115,triggeringI,1
5116,spout,2
5117,soap,1
5118,mask,2
5119,TL,2
5120,derealizationHello,1
5121,chronically,1
5122,VentingLiving,1
5123,stoop,1
5124,apts,1
5125,harrasse,1
5126,stutter,1
5127,flinch,1
5128,uninteresting,1
5129,settingHi,1
5130,chatting,1
5131,implementation,1
5132,restriction,1
5133,messaging,1
5134,Edward,1
5135,Standstill,1
5136,post*I,1
5137,Obessive,1
5138,Compulsive,1
5139,Tourette,1
5140,syndrome,1
5141,eczema,3
5142,Oklahoma,1
5143,weren,1
5144,administration,1
5145,schooling,1
5146,frequently,1
5147,disruptive,1
5148,ritualistic,1
5149,gawk,1
5150,cocktail,1
5151,counseling,1
5152,HS,2
5153,diploma,2
5154,promote,2
5155,keyholder,1
5156,jewelry,3
5157,department,2
5158,achievement,1
5159,certification,1
5160,Diamond,1
5161,Council,1
5162,pursuit,1
5163,blatant,1
5164,avoidance,1
5165,visibly,1
5166,suppress,1
5167,ultimatum,1
5168,rear,1
5169,sale,2
5170,legal,3
5171,spare,2
5172,finding,2
5173,telemarketing,1
5174,fiber,1
5175,üíô,1
5176,reunion,1
5177,Can\\,1
5178,anymorewhen,1
5179,Potential,1
5180,awareness,1
5181,unprecedented,1
5182,uncertain,1
5183,transman,1
5184,Manitoba,1
5185,evolve,1
5186,mic,1
5187,podcasting,3
5188,Cannabis,1
5189,toss,1
5190,crime,3
5191,feeler,1
5192,skype,1
5193,formal,1
5194,podcaster,1
5195,journalist,1
5196,ramble,1
5197,romanticI,1
5198,infuriating,2
5199,lake,2
5200,island,1
5201,kayake,1
5202,boat,1
5203,paddle,1
5204,miserably,1
5205,steep,1
5206,woth,1
5207,bittersweet,1
5208,mount,1
5209,claire,1
5210,weekes,1
5211,groupnew,1
5212,Connecticut,1
5213,Massachusetts,1
5214,649668549103294,2
5215,icon,2
5216,CHALLENGEHi,1
5217,revamp,1
5218,underway,1
5219,banner,1
5220,foward,1
5221,confessionI,1
5222,hardi,1
5223,roni,1
5224,dining,1
5225,partly,1
5226,responsible,1
5227,acclimate,1
5228,graduation,1
5229,appreciation,1
5230,awfulon,1
5231,restock,1
5232,heaven,1
5233,erase,1
5234,overseas,1
5235,furlough,1
5236,airline,1
5237,decrease,1
5238,sober,1
5239,planner,1
5240,dare,3
5241,salon,1
5242,TIMES,1
5243,Motivational,1
5244,Speechnan,1
5245,relapseI,1
5246,deck,1
5247,affliction,1
5248,resistant,1
5249,BD,1
5250,equipoise,1
5251,Randomized,1
5252,effectiveness,1
5253,antidepressant,1
5254,augmentation,1
5255,Lamotrigine,1
5256,inositol,1
5257,Risperidonenan,1
5258,shorthness,1
5259,weakness,1
5260,ambulance,1
5261,agoraphobiaso,1
5262,46,1
5263,hoarding,2
5264,mail,3
5265,"here""\\xa0",1
5266,Physical,1
5267,script,1
5268,intensitis,1
5269,pin,1
5270,debt,1
5271,coincidence,1
5272,menstrual,1
5273,agoraphobiawhen,1
5274,schoolpark,1
5275,chase,1
5276,innocent,1
5277,stroll,2
5278,in,1
5279,pine,1
5280,tree,1
5281,chubby,1
5282,derealize,1
5283,ensue,1
5284,surf,1
5285,viable,1
5286,lessen,2
5287,hike,1
5288,functional,1
5289,reappear,1
5290,everyone\\,1
5291,profile,1
5292,travelingNowadays,1
5293,abroad,2
5294,Focus,1
5295,Destress,1
5296,Toolnan,1
5297,misunderstanding,1
5298,resurface,1
5299,reconnection,1
5300,soda,1
5301,promotion,3
5302,Subway,14
5303,receipt,5
5304,Store,2
5305,argue,1
5306,scamme,1
5307,accusatory,1
5308,OVw97tOTRjw,1
5309,corporate,2
5310,tpqrmwv,1
5311,png,5
5312,notification,1
5313,redirect,1
5314,accuse,3
5315,thief,3
5316,technologically,1
5317,cochlear,1
5318,implant,1
5319,duration,1
5320,lightly,1
5321,SUBWAY,2
5322,STORE,1
5323,effectively,1
5324,ordering,2
5325,69,2
5326,d0k7eTD,1
5327,jpg,1
5328,confirmation,3
5329,exclusive,2
5330,DIGITAL,1
5331,PYOegsE,1
5332,-2004,1
5333,dad\\,2
5334,tradition,1
5335,sandwich,3
5336,CZKWGLD,1
5337,meatball,1
5338,teriyaki,1
5339,footlong,1
5340,variety,2
5341,1tP6Teg,1
5342,relive,1
5343,cOKRvrr,2
5344,momentary,1
5345,Seamless,2
5346,Grubhub,2
5347,mark,1
5348,ezxyfyq,1
5349,doorman,1
5350,concierge,2
5351,chink,1
5352,treadmill,1
5353,2004,1
5354,father\\,2
5355,burial,1
5356,span,1
5357,criminal,1
5358,scammer,1
5359,defend,2
5360,fulfil,1
5361,Infront,1
5362,todaythis,1
5363,meThe,1
5364,neighbour,4
5365,whichever,1
5366,nosy,1
5367,hedge,1
5368,fencing,1
5369,attic,1
5370,confusednan,1
5371,ADHD,1
5372,reverse,1
5373,reversible,1
5374,tuff,1
5375,Range,1
5376,65,1
5377,gradual,1
5378,yetnan,1
5379,yetWhile,1
5380,albeit,2
5381,stir,1
5382,stagnate,1
5383,languidly,1
5384,deafening,1
5385,silence,1
5386,stale,1
5387,solace,1
5388,dissertation,1
5389,thesisHey,1
5390,wellbeing,1
5391,XU557avDn4TZxJxY9,2
5392,Healthy,1
5393,vain,1
5394,MDMA,1
5395,overdose,1
5396,visualize,1
5397,agorophbia,1
5398,yoga,1
5399,vegetarian,1
5400,diving,1
5401,spirituality,1
5402,temperature,1
5403,fatigued,1
5404,blacking,1
5405,visual,1
5406,disorderr,1
5407,holistic,1
5408,reopen,2
5409,dr,1
5410,unappreciate,1
5411,sulk,1
5412,inaction,1
5413,endsocial,1
5414,N,1
5415,blend,1
5416,hurry,1
5417,9yrs,1
5418,sinister,1
5419,bury,1
5420,He\\,1
5421,terrorize,1
5422,Sept,1
5423,2011,1
5424,rip,1
5425,ppls,1
5426,gaslighting,2
5427,lies,1
5428,retirement,1
5429,incompetent,1
5430,provider,2
5431,repair,1
5432,brainwash,1
5433,disown,1
5434,exceptional,1
5435,fur,2
5436,ambush,1
5437,vicious,1
5438,LUNITIC,1
5439,calculate,1
5440,MOTHER\\,1
5441,caregiver,1
5442,nurturing,1
5443,That\\,1
5444,scramble,1
5445,lockdownam,1
5446,acceptable,1
5447,diminish,1
5448,stride,1
5449,honestI,1
5450,dementia,1
5451,stability,1
5452,nowcrye,1
5453,Zombie,1
5454,Apocalypse,1
5455,AgoraphobiaFirst,1
5456,sole,1
5457,hyperfixated,1
5458,thr,1
5459,apocalypse,1
5460,explode,1
5461,diagnosable,1
5462,quarantineI‚Äôm,1
5463,20F,1
5464,mar,1
5465,reflection,1
5466,ExercisingI‚Äôm,1
5467,jog,1
5468,researcher,1
5469,Western,1
5470,Carolina,1
5471,Erin,2
5472,Myers,2
5473,emmyer,2
5474,wcu,5
5475,edu,3
5476,mailto,1
5477,az1,2
5478,qualtric,2
5479,jfe,2
5480,SV\\\\_0e7p71gpuahnbnf,1
5481,SV_0e7p71gpuahnbnf,1
5482,inform,1
5483,mdgralha1,1
5484,catamount,1
5485,Suicide,1
5486,thoughts*trigger,1
5487,surprisingly,1
5488,deadline,1
5489,march,2
5490,loathing,1
5491,numerous,1
5492,WorseBefore,1
5493,patio,1
5494,curb,1
5495,clanazapane,1
5496,vicinity,1
