index,words,counts
27,year,361
98,work,269
581,well,95
40,week,134
20,way,160
189,want,408
877,walk,127
86,try,242
140,time,412
89,think,251
128,thing,195
339,therapy,121
445,tell,110
308,talk,110
409,take,136
511,store,108
147,stay,112
14,start,233
529,social,95
473,scare,109
659,say,98
501,right,105
123,place,120
127,people,281
108,panic,344
353,outside,139
187,nt,102
71,new,117
236,need,223
99,month,163
332,make,128
428,lot,118
232,look,124
139,long,154
66,live,122
17,like,566
144,life,213
49,leave,360
24,know,394
343,job,149
50,house,309
253,hour,105
417,home,244
220,help,282
112,have,147
281,happen,99
137,guy,88
440,good,155
74,go,503
157,get,389
226,friend,162
619,find,140
194,feeling,115
16,feel,601
383,fear,130
1019,family,91
340,exposure,91
513,experience,90
92,drive,141
294,deal,89
22,day,315
211,come,170
173,bad,203
56,away,143
109,attack,204
120,anxiety,330
80,agoraphobia,323
325,ago,91
337,able,143
703,...,114
,,
37,see,86
216,hard,84
33,love,84
181,therapist,84
614,anxious,83
336,hope,83
745,school,83
,,
8,past,82
245,thank,80
,,
267,maybe,79
389,today,79
384,advice,77
154,sure,77
883,ask,74
427,post,74
114,medication,73
225,situation,72
798,doctor,71
609,little,71
744,high,70
69,safe,70
,,
186,actually,69
892,agoraphobic,69
,,
550,let,68
162,afraid,67
91,minute,67
44,pretty,65
981,understand,64
459,old,62
346,stop,62
202,hate,61
208,etc,60
229,normal,60
475,person,60
305,point,60
28,struggle,60
701,world,59
131,end,58
344,mental,58
35,finally,57
632,issue,57
62,living,57
64,anymore,56
345,health,56
300,lose,56
70,night,56
,,
896,amp,55
113,grocery,54
742,problem,54
4,Agoraphobia,53
198,car,53
333,money,53
335,online,53
119,kind,52
67,small,52
622,support,52
191,disorder,51
77,far,51
237,self,51
348,sleep,51
218,thinking,51
,,
842,call,50
451,care,50
85,parent,50
535,bit,49
30,depression,49
219,die,49
439,m,49
662,mom,49
466,pay,49
61,sit,49
223,trigger,49
278,turn,49
961,food,48
1750,push,48
937,run,47
142,share,47
992,spend,47
164,thought,47
192,cause,46
398,happy,46
569,state,46
471,terrify,46
608,med,45
182,recently,45
749,travel,45
705,20,44
376,close,44
576,move,44
251,10,43
432,eat,43
430,wish,43
9,4,42
48,break,42
134,cope,42
390,couple,42
620,different,42
392,easy,42
815,face,42
689,keep,42
63,room,42
282,trip,42
762,change,41
322,miss,41
156,step,41
259,big,40
1137,mean,40
153,mind,40
121,probably,40
4341,quarantine,40
647,worry,40
172,college,39
161,control,39
394,enjoy,39
698,manage,39
671,pass,39
1029,reason,39
1396,stuff,39
135,give,38
830,half,38
65,open,38
249,city,37
1181,diagnose,37
1526,order,37
358,stick,37
60,suffer,37
456,use,37
718,usually,37
46,bed,36
1042,book,36
291,group,36
652,housebound,36
122,public,36
295,realize,36
1335,class,35
111,course,35
1713,progress,35
864,account,34
68,apartment,34
490,boyfriend,34
650,buy,34
630,difficult,34
59,heart,34
1011,plan,34
166,sorry,34
309,don\\'t,33
1103,door,33
1195,I\\'ve,33
644,low,33
354,ready,33
264,sick,33
437,super,33
1704,wait,33
841,wonder,33
102,begin,32
314,completely,32
284,decide,32
949,free,32
1198,it\\,32
846,later,32
470,literally,32
1171,relationship,32
520,tip,32
797,6,31
527,basically,31
58,body,31
719,effect,31
1174,especially,31
233,figure,31
1418,inside,31
1097,pain,31
1182,phone,31
741,remember,31
276,severe,31
254,short,31
396,cry,30
227,freak,30
374,gon,30
820,horrible,30
375,na,30
739,story,30
215,symptom,30
263,wo,30
369,1,29
446,bring,29
81,condition,29
296,hear,29
641,possible,29
1265,question,29
190,read,29
5,relate,29
334,trap,29
629,visit,29
388,believe,28
351,daily,28
355,everyday,28
416,fine,28
747,great,28
1452,idea,28
1321,link,28
627,meet,28
250,near,28
653,stress,28
865,sub,28
3684,survey,28
3900,----,27
715,%,27
1311,amp;#x200b,27
323,check,27
984,develop,27
171,drop,27
491,handle,27
1150,idk,27
510,lately,27
791,pressure,27
672,test,27
492,avoid,26
450,dog,26
639,game,26
321,hospital,26
667,pick,26
399,proud,26
196,shit,26
680,tomorrow,26
953,appreciate,25
1350,currently,25
816,early,25
1353,fact,25
1590,guess,25
240,honestly,25
499,nice,25
316,psychiatrist,25
900,sense,25
362,tired,25
942,town,25
152,unable,25
3700,virus,25
477,write,25
1036,7,24
1148,8,24
265,calm,24
625,case,24
1039,eventually,24
1912,extremely,24
555,forward,24
774,fun,24
287,head,24
706,learn,24
738,reading,24
183,ve,24
1395,barely,23
509,focus,23
691,grow,23
234,hell,23
795,hit,23
54,hold,23
932,husband,23
914,meeting,23
1270,movie,23
1049,quit,23
631,recover,23
756,set,23
761,soon,23
2268,street,23
1172,suck,23
1303,watch,23
90,30,22
2052,beginning,22
727,building,22
403,comfort,22
255,distance,22
76,follow,22
1135,girl,22
1309,hurt,22
1647,instead,22
361,lol,22
850,okay,22
1044,overcome,22
507,space,22
980,weird,22
252,15,21
1676,drug,21
753,prescription,21
312,second,21
503,shopping,21
496,similar,21
1004,sort,21
1282,terrible,21
1660,trouble,21
230,-PRON-,20
318,appointment,20
1903,constantly,20
289,didn\\'t,20
616,fast,20
1284,fucking,20
442,hide,20
1043,kill,20
462,office,20
1168,opportunity,20
425,real,20
847,send,20
1154,sound,20
638,video,20
1202,wake,20
887,accept,19
1370,allow,19
995,amazing,19
1352,awful,19
1465,bc,19
1054,block,19
158,comfortable,19
788,entire,19
866,extreme,19
2173,hand,19
696,isolate,19
1949,isolation,19
1031,kid,19
246,listen,19
1018,multiple,19
642,notice,19
1040,ok,19
1355,physical,19
1299,play,19
1194,positive,19
11,slowly,19
1275,speak,19
31,strong,19
1104,throw,19
179,wrong,19
602,18,18
714,100,18
713,absolutely,18
1184,answer,18
1186,business,18
21,catch,18
1842,continue,18
1021,dad,18
12,fall,18
415,fight,18
199,force,18
2057,illness,18
599,man,18
402,mile,18
1253,moment,18
1009,relapse,18
410,ride,18
1463,scary,18
1125,seek,18
87,stand,18
429,supportive,18
1083,tooth,18
813,treat,18
228,uncomfortable,18
404,zone,18
377,bathroom,17
1935,brain,17
993,bus,17
912,consider,17
1155,dark,17
360,death,17
565,depress,17
238,diagnosis,17
1759,disability,17
472,dread,17
32,forget,17
1226,future,17
506,light,17
1377,member,17
1557,music,17
4423,pandemic,17
73,partner,17
75,party,17
1510,practice,17
848,reach,17
3384,recovery,17
368,shake,17
464,sign,17
1624,suppose,17
1343,type,17
1130,area,16
2306,bank,16
1621,brother,16
545,complete,16
393,definitely,16
1085,excuse,16
1230,female,16
1775,fill,16
683,girlfriend,16
907,huge,16
553,interaction,16
2150,It\\,16
258,journey,16
1431,late,16
1120,lead,16
1290,level,16
1246,mother,16
453,neighborhood,16
673,nervous,16
406,physically,16
373,plane,16
923,simply,16
1131,term,16
811,treatment,16
915,yesterday,16
1079,50,15
1193,accomplish,15
2034,affect,15
338,afford,15
1267,anyways,15
93,beat,15
1601,blow,15
2256,comment,15
1227,country,15
1898,event,15
1106,exercise,15
193,explain,15
2153,freaking,15
1787,function,15
568,general,15
1615,hang,15
203,line,15
82,obviously,15
1729,one,15
1088,pill,15
1524,seriously,15
1570,session,15
588,smoke,15
163,suicidal,15
1667,summer,15
911,worth,15
303,young,15
412,2019,14
1322,air,14
268,anti,14
2678,app,14
1817,busy,14
2152,can\\'t,14
110,cancel,14
926,CBT,14
792,chest,14
3917,deposit,14
874,dream,14
116,fix,14
1616,fuck,14
328,goal,14
868,lack,14
661,list,14
591,motivate,14
1819,process,14
1041,regular,14
716,return,14
391,shop,14
306,stranger,14
1339,study,14
5552,Subway,14
585,suffering,14
1480,survive,14
563,trust,14
489,24,13
401,+,13
1374,ashamed,13
1782,backyard,13
231,be,13
951,chat,13
860,community,13
586,constant,13
1320,convince,13
1337,create,13
143,current,13
2873,earn,13
212,escape,13
380,flight,13
875,fly,13
1164,imagine,13
640,include,13
1669,interview,13
702,mainly,13
433,meal,13
320,medical,13
657,mess,13
2238,negative,13
975,recommend,13
1602,require,13
2378,save,13
1771,service,13
1179,single,13
1595,straight,13
610,suggestion,13
2239,tonight,13
952,tough,13
978,twice,13
1428,upset,13
1317,9,12
858,26,12
170,add,12
1328,admit,12
772,age,12
971,anybody,12
857,certain,12
560,contact,12
3999,count,12
4298,COVID-19,12
1587,crazy,12
1160,cure,12
810,December,12
1223,dentist,12
273,desperately,12
1559,drunk,12
482,embarrass,12
43,episode,12
101,eye,12
1890,GAD,12
1158,hopeless,12
2091,I\\'d,12
1858,indoor,12
970,information,12
331,interested,12
1165,join,12
611,learning,12
45,lie,12
1077,main,12
1791,major,12
685,matter,12
1423,mentally,12
1204,mention,12
634,message,12
2320,morning,12
1105,neighbor,12
1929,personally,12
1016,put,12
796,random,12
2546,rate,12
1035,refuse,12
1873,rest,12
178,s,12
722,sad,12
1536,skill,12
1784,student,12
1867,suicide,12
1381,wall,12
1129,woman,12
1244,16,11
302,21,11
592,Amazon,11
188,assume,11
1384,baby,11
1319,blood,11
2736,chance,11
597,clean,11
2230,cold,11
2174,confidence,11
4303,coronavirus,11
1993,couldn\\'t,11
2147,date,11
1375,example,11
1788,fail,11
2013,favorite,11
2500,film,11
1972,finish,11
1007,forever,11
552,form,11
902,fully,11
927,helpful,11
523,history,11
1023,hopefully,11
559,human,11
2125,i\\'ll,11
1112,interesting,11
708,judge,11
3118,kick,11
1086,medicine,11
2240,nearly,11
1674,non,11
1829,note,11
1214,oh,11
894,option,11
776,period,11
771,position,11
1884,professional,11
584,PTSD,11
55,pull,11
2187,quick,11
1059,quickly,11
2345,research,11
1543,ruin,11
604,somewhat,11
960,suggest,11
1528,truly,11
15,university,11
1177,wanna,11
2771,weed,11
2084,willing,11
197,word,11
138,writing,11
1293,11,10
2959,14,10
2316,_,10
400,:),10
2648,....,10
385,advance,10
1657,agree,10
2849,alot,10
725,apply,10
357,badly,10
1761,bedroom,10
605,bind,10
2149,bother,10
2531,card,10
2441,comic,10
1568,derealization,10
3128,discord,10
758,drink,10
414,enter,10
505,exactly,10
710,exist,10
1746,feed,10
2544,garden,10
2093,gift,10
1538,grateful,10
1426,guilty,10
1199,haven\\'t,10
2135,hey,10
2406,hire,10
694,homebound,10
884,important,10
1737,incredibly,10
2198,interact,10
1808,invite,10
1207,laugh,10
431,luck,10
1880,mad,10
3478,number,10
514,overwhelming,10
1286,pm,10
1332,project,10
626,receive,10
822,relief,10
2766,repeat,10
200,road,10
3228,routine,10
478,sell,10
1356,sensation,10
88,shower,10
95,stomach,10
1170,strange,10
484,stupid,10
807,suddenly,10
656,system,10
2090,tiny,10
870,train,10
1871,trash,10
2654,vent,10
1109,window,10
2641,yard,10
1878,yell,10
185,17,9
1665,25,9
2628,],9
2228,abusive,9
1942,access,9
936,accompany,9
444,Agoraphobic,9
1977,assault,9
2726,attempt,9
985,attend,9
1837,background,9
516,breath,9
746,build,9
2379,cat,9
1152,clear,9
769,company,9
497,connect,9
1765,cost,9
1400,crippling,9
206,crowd,9
2274,damn,9
133,degree,9
4726,delivery,9
1882,deserve,9
1188,dinner,9
1437,direction,9
2614,directly,9
512,dizzy,9
317,emergency,9
1473,environment,9
1883,expect,9
2300,foot,9
589,gas,9
686,glad,9
1766,hardly,9
1342,harm,9
1572,highway,9
806,immediately,9
787,intense,9
635,involve,9
1626,klonopin,9
909,large,9
2284,lazy,9
2307,letter,9
526,marry,9
372,middle,9
1469,motivation,9
3109,n,9
350,nightmare,9
566,offer,9
1399,overall,9
4363,owner,9
838,panicky,9
3353,participate,9
1694,phobia,9
1803,podcast,9
1142,prescribe,9
2094,program,9
3289,record,9
2224,rent,9
349,schedule,9
180,search,9
2282,she\\,9
2254,site,9
1001,sweating,9
352,task,9
615,teacher,9
104,tear,9
293,teen,9
2878,terrifying,9
222,understanding,9
1211,wasn\\'t,9
542,wife,9
782,2018,8
1263,--,8
1462,:(,8
4059,=,8
1429,angry,8
3955,available,8
832,aware,8
1710,battle,8
1466,beautiful,8
1162,bf,8
784,birthday,8
1505,breathe,8
1055,choice,8
422,cigarette,8
809,coffee,8
636,common,8
2237,complain,8
1307,conversation,8
1764,cover,8
2085,discuss,8
670,driver,8
3528,ear,8
1860,easily,8
2492,education,8
2202,emetophobia,8
1917,encourage,8
1731,exhaust,8
1291,fire,8
763,graduate,8
678,hair,8
2399,healthy,8
272,honest,8
1369,insurance,8
1366,irrational,8
447,joy,8
39,last,8
986,lecture,8
617,license,8
699,limit,8
2275,lonely,8
275,OCD,8
1364,opinion,8
3462,page,8
2019,park,8
2846,People,8
3752,privacy,8
1770,provide,8
2423,reddit,8
3024,relax,8
711,rush,8
2704,server,8
1134,sex,8
1361,sexual,8
2297,show,8
2137,simple,8
420,smoking,8
1495,society,8
3916,SoFi,8
1242,spending,8
2107,subway,8
1591,traffic,8
19,trick,8
2012,useless,8
1110,view,8
405,weak,8
948,website,8
1294,weekend,8
1824,worker,8
731,Xanax,8
1006,yeah,8
2221,12,7
1550,19,7
773,23,7
2890,45,7
3148,|,7
1156,24/7,7
1502,ability,7
3178,actual,7
543,alcohol,7
379,attention,7
1336,awesome,7
2814,ball,7
2160,bar,7
4260,bipolar,7
1822,boss,7
1228,brave,7
2232,breathing,7
1961,bullshit,7
1358,bunch,7
3952,cash,7
426,challenge,7
1834,crap,7
1662,curious,7
518,danger,7
1167,dating,7
174,decision,7
594,deep,7
624,describe,7
438,despite,7
2587,distract,7
2298,doesn\\'t,7
341,ease,7
1545,effort,7
1727,emotional,7
2609,employee,7
2540,expose,7
1091,extend,7
3448,extra,7
1597,faint,7
2621,feedback,7
2952,floor,7
483,frustrate,7
2435,funny,7
2079,gain,7
2367,gap,7
1850,google,7
1329,hello,7
1564,hungry,7
1365,initial,7
2353,inspire,7
244,isn\\'t,7
1555,January,7
1693,lay,7
1475,likely,7
2756,loss,7
124,loud,7
2069,March,7
1720,mechanism,7
1600,medium,7
1574,mouth,7
129,nature,7
2499,New,7
2576,news,7
2776,normally,7
421,pack,7
3137,paranoia,7
3911,PayPal,7
1848,personality,7
452,pet,7
1398,plus,7
2181,possibility,7
2429,quiet,7
367,racing,7
2319,reality,7
3473,Reddit,7
3945,ref,7
724,relatively,7
2121,remotely,7
1974,resource,7
204,restaurant,7
1851,result,7
1994,review,7
856,risk,7
1402,scenario,7
2388,scream,7
3539,screw,7
1707,semester,7
2303,setback,7
988,severely,7
736,sharing,7
941,shoot,7
1855,shut,7
1052,sister,7
1072,slow,7
2253,socialize,7
26,special,7
217,spiral,7
933,station,7
1373,stressful,7
2328,ta,7
931,tendency,7
3382,that\\,7
2111,toll,7
436,total,7
1127,totally,7
315,touch,7
1218,track,7
207,transport,7
1527,traumatic,7
1802,truth,7
1924,u,7
1641,ugly,7
2883,UK,7
1492,unfortunately,7
991,uni,7
2067,vacation,7
2243,venting,7
1017,warning,7
1586,waste,7
1634,water,7
2409,wear,7
2116,weight,7
3549,welcome,7
3332,won\\'t,7
1233,x,7
2200,y,7
2273,yes,7
5066,zoom,7
25,TRUE,7
3181,40,6
2375,60,6
3467,@morethanphobia,6
1341,\\\\-,6
917,abuse,6
528,act,6
1607,addict,6
371,airport,6
759,approach,6
1661,as,6
4088,base,6
1028,bear,6
2178,benzo,6
3924,bonus,6
125,bright,6
2355,career,6
3844,carry,6
1397,center,6
1068,cheap,6
1725,child,6
1340,choose,6
1360,concern,6
3699,corona,6
3696,Coronavirus,6
443,courage,6
3908,credit,6
2360,customer,6
1315,cycle,6
1288,decent,6
2870,delete,6
78,denial,6
888,depend,6
1076,dependent,6
2211,desperate,6
4312,destination,6
2803,difficulty,6
1530,dose,6
378,draw,6
1921,ex,6
298,expensive,6
4264,father,6
1645,fault,6
3977,February,6
1925,fighting,6
3753,fresh,6
1393,generalize,6
2336,generally,6
808,grab,6
1357,grade,6
2417,grandma,6
2043,guide,6
2931,gun,6
1594,gym,6
205,haircut,6
2604,highly,6
1552,highschool,6
2208,hotel,6
2156,IBS,6
3748,impossible,6
3297,incident,6
2255,infect,6
423,insane,6
538,kinda,6
1126,legit,6
1192,lifestyle,6
4652,lift,6
558,local,6
1841,loose,6
901,maintain,6
4435,majority,6
1348,meditation,6
1389,mg,6
930,mild,6
2588,miserable,6
2495,mode,6
463,Monday,6
1220,mood,6
256,nan,6
2884,NHS,6
648,occasion,6
645,occur,6
1249,officially,6
944,Online,6
2888,originally,6
979,overwhelm,6
2247,personal,6
2893,pharmacy,6
1180,planning,6
2450,playing,6
79,possibly,6
1547,ppl,6
1390,prefer,6
1425,present,6
2558,prior,6
2866,private,6
2083,properly,6
1316,psych,6
4330,purpose,6
1117,r,6
572,rarely,6
1906,recent,6
946,recommendation,6
732,red,6
582,regard,6
1092,release,6
2368,resume,6
3229,rid,6
1747,rock,6
424,rule,6
2699,Sara,6
2362,saving,6
3283,section,6
1584,shift,6
382,significant,6
695,socially,6
3081,software,6
1846,specific,6
2725,spot,6
818,ssri,6
23,stare,6
1790,subject,6
934,success,6
1225,surgery,6
243,surprise,6
3057,surround,6
3243,teenager,6
1939,testing,6
3381,they\\'re,6
1008,threaten,6
1285,till,6
465,title,6
235,tool,6
918,topic,6
1304,tv,6
386,update,6
2387,urge,6
3530,vertigo,6
3351,voice,6
1680,whilst,6
590,windows,6
1554,winter,6
2021,xanax,6
2331,you\\'re,6
2286,you\\'ve,6
3550,13,5
2064,22,5
1640,29,5
4171,90,5
1742,2016,5
779,‚Äî,5
2037,accident,5
329,achieve,5
2110,activity,5
4311,advise,5
286,aisle,5
454,animal,5
1816,anytime,5
675,appt,5
4808,art,5
1774,article,5
2680,aside,5
4815,asleep,5
570,average,5
1783,awake,5
1684,awhile,5
2179,bag,5
1483,basic,5
2177,beg,5
1703,behavior,5
1644,blame,5
1633,bottle,5
3984,buck,5
2928,burden,5
666,burn,5
2480,character,5
1489,childhood,5
3147,clinic,5
299,computer,5
1963,connection,5
5017,covid,5
840,curl,5
1561,cuz,5
3175,daughter,5
660,decade,5
1224,dental,5
4084,design,5
2703,detail,5
1691,deteriorate,5
966,diet,5
1305,disappoint,5
486,dollar,5
2561,doubt,5
1144,DP,5
1145,DR,5
2548,drinking,5
2804,driveway,5
481,dumb,5
2217,edit,5
2602,employment,5
1700,enable,5
2739,energy,5
3029,England,5
2769,ensure,5
2854,everytime,5
1499,excite,5
1573,exit,5
1781,extent,5
1166,Facebook,5
562,faith,5
554,Fast,5
469,fee,5
3122,fever,5
1276,fit,5
755,flare,5
1448,flat,5
2947,flu,5
1892,Friday,5
748,friendship,5
57,frighten,5
1414,gathering,5
1132,gf,5
994,gradually,5
3342,guilt,5
2892,haha,5
2440,harass,5
1793,headache,5
733,hi,5
2215,homework,5
1513,improve,5
2683,improvement,5
1838,info,5
2859,inpatient,5
1627,insight,5
3233,intrusive,5
2781,joke,5
3533,jump,5
1447,kitchen,5
2434,Klonopin,5
2144,knowledge,5
2914,leg,5
2191,liar,5
2586,library,5
4321,lockdown,5
2977,lovely,5
2369,lucky,5
904,mall,5
2845,memory,5
2559,method,5
2376,min,5
963,monitor,5
3585,murder,5
107,nasty,5
260,nausea,5
2816,nauseous,5
1728,navigate,5
1243,necessary,5
532,network,5
677,not,5
957,Ô∏è,5
922,occasionally,5
3501,oil,5
2545,oppose,5
3392,opposite,5
1968,paranoid,5
890,particularly,5
1768,path,5
3059,patient,5
1147,Paxil,5
2332,peace,5
3170,pee,5
1589,perfect,5
3298,plenty,5
654,poor,5
3055,pound,5
2285,power,5
3983,prevent,5
2410,previous,5
3093,product,5
1533,productive,5
1794,promise,5
1143,Prozac,5
1146,prozac,5
974,psychologist,5
277,questionnaire,5
1866,rant,5
1424,reaction,5
965,realise,5
5553,receipt,5
546,recluse,5
2397,reference,5
4418,refill,5
175,regret,5
1096,relieve,5
851,rely,5
330,report,5
224,ridiculous,5
201,rough,5
3318,route,5
279,senior,5
2817,shaky,5
297,She\\,5
1264,shock,5
2088,shy,5
1580,skip,5
658,snack,5
1048,sob,5
1905,source,5
1546,specifically,5
1614,stage,5
3480,stone,5
5312,subreddit,5
1266,sudden,5
2932,sweat,5
2556,technique,5
3722,tend,5
1187,text,5
408,thousand,5
3232,throwing,5
356,ton,5
3077,ugh,5
2623,unemployed,5
1481,untreated,5
2164,up,5
3982,user,5
1413,usual,5
1629,version,5
4315,victory,5
1149,vision,5
1984,vulnerable,5
2270,w,5
2818,wide,5
1681,withdraw,5
844,wonderful,5
2157,worsen,5
3022,worthless,5
2645,youtube,5
3410,27,4
2023,80,4
2381,500,4
956,‚ù§,4
4151,/r,4
3367,accomodation,4
908,accomplishment,4
2505,accurate,4
1826,action,4
2690,addiction,4
1675,addictive,4
2618,agoraphobe,4
1383,ai,4
3038,alive,4
969,alternative,4
2629,and/or,4
1857,apparently,4
1740,appearance,4
1378,asshole,4
1231,associate,4
4649,ATM,4
411,August,4
3261,avoidant,4
2616,b,4
2770,bail,4
802,basis,4
2146,behaviour,4
2688,beneficial,4
3421,benefit,4
2807,bird,4
2233,black,4
1631,blanket,4
1757,blind,4
1260,box,4
3052,bubble,4
3152,buddy,4
2036,bully,4
4047,Canada,4
1073,cashier,4
3475,CBD,4
1099,chicken,4
47,Christmas,4
799,chronic,4
2048,cleaning,4
1751,clearly,4
754,clonazepam,4
1979,closet,4
2774,closing,4
3389,club,4
1081,co,4
3476,comfortably,4
5194,commission,4
3694,compare,4
1408,concert,4
899,confident,4
3086,confine,4
712,confuse,4
1659,conquer,4
2525,consistent,4
1872,cook,4
1910,cool,4
3273,corner,4
4589,Covid,4
541,crave,4
3942,crypto,4
285,cut,4
241,d,4
1540,damage,4
4658,dangerous,4
2950,Day,4
3056,dead,4
115,deliver,4
3540,deny,4
4179,depersonalization,4
1386,diazepam,4
2737,doc,4
519,doom,4
5028,driving,4
1507,e,4
3310,elevator,4
964,emotion,4
407,emotionally,4
1529,endure,4
1798,enrol,4
1835,evaluate,4
2431,evening,4
3937,exact,4
395,excited,4
2075,explanation,4
2966,f,4
1306,fake,4
3896,fancy,4
1800,FB,4
1532,fearful,4
3616,field,4
2997,final,4
2066,financial,4
3758,flip,4
775,freedom,4
681,freeze,4
633,frequent,4
221,frustrating,4
1814,gate,4
1658,god,4
1070,government,4
1849,greatly,4
2407,happiness,4
1806,harsh,4
2938,hearing,4
968,heavy,4
2248,hill,4
2216,hobby,4
2496,hole,4
3066,homeless,4
2302,hopeful,4
2945,hyperventilating,4
1801,IG,4
1074,ill,4
508,inability,4
3998,income,4
2148,increasingly,4
3534,induce,4
2358,industry,4
1446,infection,4
1367,input,4
637,interest,4
2633,judgement,4
781,June,4
2097,junior,4
1403,kidnap,4
2899,knock,4
3172,laundry,4
3388,locally,4
3317,location,4
3352,logically,4
2570,lunch,4
53,magnet,4
801,migraine,4
4621,necessity,4
5623,neighbour,4
2437,nerd,4
2482,novel,4
1839,November,4
3492,NYC,4
790,object,4
2055,obtain,4
1312,October,4
4510,offensive,4
4154,offering,4
2578,opening,4
4162,original,4
2175,overcoming,4
1983,overly,4
2218,pace,4
1326,packing,4
2810,Panic,4
1203,paper,4
36,part,4
2837,partially,4
4930,pause,4
4030,payout,4
750,perform,4
1363,permanent,4
1852,perspective,4
778,phase,4
891,pleasant,4
4217,pleasure,4
2389,pop,4
1581,pre,4
261,prepare,4
1380,prison,4
2508,promising,4
1947,psychosis,4
1419,pure,4
3299,rambling,4
2948,randomly,4
1234,ray,4
1881,react,4
804,reduce,4
920,regardless,4
2074,request,4
1522,response,4
2732,retail,4
4305,rise,4
2511,rob,4
2317,roommate,4
603,round,4
2047,rude,4
1521,safety,4
3907,SB,4
2199,screen,4
4668,selfish,4
3282,separate,4
2030,September,4
2612,shame,4
1178,shitty,4
1050,shrink,4
3957,signing,4
2824,slightly,4
1084,slip,4
2983,snap,4
646,somebody,4
1078,son,4
1371,specialist,4
1015,sport,4
1697,spread,4
3021,strength,4
1548,successfully,4
2049,suffocate,4
3451,sun,4
38,sunlight,4
823,supplement,4
1301,switch,4
2455,taste,4
2986,terror,4
2291,thankful,4
2123,there\\,4
1812,ticket,4
1472,toxic,4
1003,Tuesday,4
1902,twitch,4
837,typically,4
1440,typing,4
1955,uber,4
821,ultimately,4
3200,unaware,4
4985,unique,4
2715,unsafe,4
577,USA,4
3275,vomit,4
2993,VR,4
3025,wander,4
3558,washing,4
1434,wave,4
2329,what\\,4
2287,wrap,4
743,youth,4
1157,zero,4
5080,ü•∞,4
1089,120,3
3938,200,3
2403,300,3
1588,2020,3
4205,2-Jan,3
145,.....,3
2691,‚ô°,3
2227,@,3
5488,#,3
2516,absolute,3
160,accord,3
5565,accuse,3
1943,actively,3
2151,adult,3
760,afterward,3
2056,agoraphobia?i,3
1115,agoraphobia?nan,3
3526,angst,3
950,anonymous,3
1895,anticipation,3
3045,anxiousness,3
1450,apart,3
2325,apologize,3
3743,appear,3
4746,application,3
3074,approve,3
3159,arm,3
2009,arrive,3
1032,artist,3
1922,atm,3
3760,august,3
764,Austin,3
1891,bachelor,3
4338,backseat,3
3433,bare,3
18,belong,3
2700,Benincasa,3
2707,BF,3
3985,bill,3
1964,blah,3
3620,bored,3
1579,bounce,3
3605,breakdown,3
1702,breaking,3
4839,bullying,3
2035,burst,3
2905,buying,3
2022,caffeine,3
3697,centre,3
1283,certainly,3
1592,chair,3
4289,channel,3
1057,checkout,3
1464,chill,3
3934,Chime,3
3263,chip,3
849,clarity,3
209,classroom,3
34,cloud,3
2969,cloudy,3
3829,collect,3
370,commute,3
461,complex,3
1222,complicate,3
1952,confinement,3
4046,confirm,3
5579,confirmation,3
4834,context,3
2822,contribute,3
3063,couch,3
3472,coworker,3
2000,crack,3
1108,crash,3
5428,crime,3
4445,crisis,3
1815,cross,3
2477,crush,3
1980,curtain,3
2520,Dad,3
2184,dance,3
5486,dare,3
1324,debilitating,3
1677,decline,3
1957,desire,3
3972,device,3
3013,difference,3
2279,dilemma,3
3925,direct,3
2832,disappointment,3
547,divorce,3
2541,dizziness,3
4711,downhill,3
4066,download,3
3311,downtown,3
2858,Dr.,3
1295,drag,3
1459,drain,3
2937,dress,3
1575,dry,3
1859,dude,3
5378,eczema,3
1531,edge,3
2686,effective,3
1668,email,3
214,embarrassing,3
2611,employer,3
1210,encouraging,3
2394,enemy,3
2982,engage,3
1034,engineer,3
167,English,3
2889,entitle,3
1991,entry,3
3913,equivalent,3
794,ER,3
3502,essential,3
3970,essentially,3
4064,evaluation,3
4360,everybody,3
766,exciting,3
3182,existence,3
1485,expectation,3
4867,explore,3
3372,failure,3
2077,fair,3
2011,fairly,3
5033,familiar,3
1379,fat,3
3048,fellow,3
2425,financially,3
4357,finding,3
326,forgive,3
3738,frame,3
574,frankly,3
3546,friendly,3
1010,frustration,3
3338,fund,3
3677,furniture,3
3126,gaming,3
1904,Google,3
4169,grand,3
3000,grant,3
3755,gross,3
1047,ground,3
4442,guideline,3
3236,habit,3
2098,hadn\\'t,3
3835,harassment,3
1709,harming,3
1959,heading,3
2128,heat,3
2738,heavily,3
1114,Hikikomori,3
3832,hiking,3
5235,homesickness,3
5237,hone,3
2798,horrific,3
4757,hotline,3
3552,household,3
3041,hug,3
3903,Hulu,3
2126,humiliate,3
1014,hunting,3
1577,hyperventilate,3
3239,hypochondria,3
2290,i\\'ve,3
1622,idiot,3
2910,ignore,3
1576,image,3
2906,imodium,3
1966,incapable,3
855,increase,3
3234,independence,3
1415,insecure,3
3471,Instagram,3
3194,instantly,3
2513,intend,3
1666,internship,3
1840,introverted,3
3929,invest,3
3292,item,3
5392,jewelry,3
2188,July,3
824,l,3
2294,lady,3
2536,leap,3
2717,lease,3
5406,legal,3
2729,legitimate,3
2293,lmao,3
962,log,3
4344,loneliness,3
97,lung,3
3560,luxury,3
3265,M,3
1087,magic,3
5511,mail,3
3804,mailbox,3
1992,maintenance,3
3537,manager,3
2463,Marvel,3
434,McDonald,3
4343,meme,3
2070,mid,3
3604,minimal,3
4086,mixed,3
2259,mobile,3
1642,moderate,3
2038,mum,3
1690,muscle,3
5263,Music,3
1498,naturally,3
2596,necessarily,3
3359,nerve,3
1252,nurse,3
1515,obsess,3
3140,ocd,3
3718,ocean,3
1082,odd,3
3331,omg,3
539,outgoing,3
700,outing,3
935,pal,3
3713,paralyzed,3
1558,parking,3
4892,passenger,3
1470,pattern,3
3994,payment,3
1467,peaceful,3
1556,performance,3
96,petrified,3
2053,piece,3
2934,pity,3
3777,plague,3
2210,pls,3
5425,podcasting,3
418,porch,3
1458,positivity,3
4617,Post,3
2565,poster,3
479,price,3
2689,primary,3
786,proceed,3
5551,promotion,3
976,propranolol,3
2518,prospect,3
304,prove,3
1599,psychological,3
2662,ptsd,3
5002,quantity,3
4583,quarter,3
1281,recognize,3
3974,redditor,3
2900,refer,3
1468,regain,3
1654,register,3
3779,regularly,3
2427,remain,3
1308,remind,3
1738,remove,3
1628,reply,3
1571,reschedule,3
2891,ring,3
1255,roof,3
2222,rural,3
2192,sabotage,3
3510,sake,3
1923,scene,3
1066,secret,3
2661,seizure,3
4381,semi,3
1354,sensitive,3
1643,settle,3
2755,sever,3
1122,sexually,3
2078,shed,3
4081,shirt,3
2829,shitless,3
1067,shopper,3
4398,sight,3
4462,significantly,3
4818,slice,3
1962,smart,3
3222,smile,3
1173,socializing,3
3336,solid,3
4331,solitude,3
2326,solve,3
2141,Spain,3
3206,spill,3
3872,spin,3
836,spirit,3
2733,SSA,3
4190,ssdi,3
1456,stable,3
3253,stair,3
359,starve,3
3098,strategy,3
4322,strict,3
1611,structure,3
1719,sunny,3
955,sunshine,3
996,supermarket,3
1749,surely,3
2025,surrounding,3
1695,swallow,3
3034,swing,3
3257,t,3
649,tackle,3
3322,tall,3
2402,tattoo,3
2794,taxi,3
2712,tbh,3
3583,teenage,3
5172,telemedicine,3
2780,temporary,3
871,texas,3
2321,texte,3
2138,texting,3
3855,thankfully,3
3477,THC,3
2341,theater,3
5566,thief,3
1582,tho,3
2214,thread,3
366,Thursday,3
3199,tic,3
4829,TLDR,3
2155,TMI,3
2371,toe,3
2161,toilet,3
363,torture,3
817,traditional,3
2226,trailer,3
3414,transit,3
1976,trauma,3
4182,trial,3
4548,unbearable,3
835,unbelievable,3
3597,universe,3
2514,University,3
3103,unlike,3
2594,unreasonable,3
3541,useful,3
2869,vibe,3
2530,victim,3
1760,virtual,3
2644,virtually,3
2826,warn,3
4855,weather,3
4351,wedding,3
1875,weekly,3
2194,weigh,3
4976,wheel,3
2933,whine,3
2385,win,3
257,wise,3
839,wreck,3
5135,writer,3
3424,yelling,3
5294,zombie,3
3633,üéâ,3
1608,üòÇ,3
4388,#NAME?,3
5576,17.69,2
697,32,2
1259,35,2
4206,36,2
4828,41,2
4505,99,2
2731,400,2
4914,911,2
3930,"1,000",2
525,2013,2
4198,2017,2
2668,10-Oct,2
4590,:/,2
4314,‚Ä¶,2
4035,‚Äì,2
3217,{,2
3219,},2
3721,\\\\-I,2
3717,\\\\-venture,2
4107,¬£,2
3867,2nd,2
1744,5yrs,2
1333,abnormal,2
5541,abroad,2
3796,abscess,2
3369,accessible,2
4485,active,2
2503,Adams,2
3875,addition,2
3931,additional,2
5077,additionally,2
1776,address,2
5297,adrenal,2
4188,adventure,2
3079,advertising,2
3847,afternoon,2
2696,Agorafabulous,2
2960,Agoraphobianan,2
2028,agrophobia,2
859,ahead,2
5642,albeit,2
5334,alert,2
1113,align,2
2895,alright,2
2251,altogether,2
2881,America,2
1071,amount,2
1523,amplify,2
2752,annual,2
5267,Anthony,2
269,anxiety/,2
3166,anymoreI,2
1901,apnea,2
4333,apology,2
4193,appeal,2
2045,appreciative,2
4592,apprehension,2
4054,approval,2
2970,April,2
2901,arrange,2
2309,ASAP,2
4301,asthma,2
2684,Ativan,2
1911,atleast,2
5203,attendance,2
4089,Australia,2
5133,author,2
4293,autonomy,2
3104,avail,2
3881,AvPD,2
3846,awkward,2
4428,backslide,2
4109,balance,2
4768,balcony,2
893,barber,2
2082,bark,2
29,baseline,2
3432,basement,2
4380,bath,2
3527,bay,2
2370,beach,2
987,bedbound,2
4955,behavioral,2
2136,Bell,2
3383,benzodiazepine,2
972,beta,2
1302,binge,2
1617,bitch,2
4903,bite,2
1777,blank,2
2348,blog,2
1416,blue,2
2801,blurry,2
2773,boom,2
3883,border,2
1650,boring,2
2984,boundary,2
4181,boy,2
1062,bread,2
1565,breakfast,2
2607,burnout,2
3790,butt,2
1065,butter,2
2619,c,2
2413,cab,2
1894,campus,2
676,can,2
2913,cancer,2
910,capable,2
1250,caretaker,2
1169,casual,2
2072,casually,2
878,catholic,2
606,cbt,2
2235,ceiling,2
1411,cent,2
2231,chain,2
924,challenging,2
1797,charge,2
4262,charity,2
3765,chatroulette,2
4446,Cheers,2
4138,China,2
785,chipotle,2
1696,choke,2
4524,chore,2
2289,christmas,2
2264,cinema,2
1412,circle,2
4359,clase,2
3757,claustrophobia,2
2939,climbing,2
1274,clinically,2
2877,clock,2
3559,clothe,2
1241,coaster,2
4186,coddle,2
4065,code,2
5598,cOKRvrr,2
3333,collapse,2
2528,coma,2
869,comforting,2
4497,comparable,2
4375,competition,2
3987,compile,2
1941,compound,2
2595,compromise,2
1730,conceal,2
2493,concentrate,2
3634,concept,2
5609,concierge,2
2207,conference,2
4943,confess,2
3089,confront,2
2519,conscious,2
2533,consequence,2
2130,constitute,2
1232,consultation,2
3823,consume,2
1772,content,2
1060,convenience,2
1215,cookie,2
530,coordinator,2
1310,core,2
5560,corporate,2
2664,councillor,2
1786,counselor,2
3237,counting,2
1435,countryside,2
4795,county,2
2124,cousin,2
2615,covering,2
1773,creation,2
4095,creative,2
1438,creep,2
4882,crisis-,2
3324,crisp,2
3364,cue,2
2843,culture,2
2104,Cut,2
5586,dad\\,2
1944,damaging,2
2677,dawn,2
2723,daytime,2
2464,DC,2
3563,dealer,2
4124,dedicate,2
1427,deeply,2
2448,default,2
5618,defend,2
4106,demographic,2
4187,demon,2
5393,department,2
833,dependency,2
1140,Depersonalization,2
3100,depressant,2
2517,depressed,2
1471,depressing,2
42,depressive,2
2792,desperation,2
580,destroy,2
4665,develope,2
3877,dig,2
5389,diploma,2
1885,dire,2
921,dirty,2
3412,disabled,2
3484,discomfort,2
1920,discover,2
721,disheartening,2
4440,disinfect,2
2911,dismiss,2
4498,disordered,2
4788,dissociation,2
4364,disturb,2
3191,ditch,2
3686,DM,2
4865,documentary,2
4261,donate,2
4263,dosent,2
3792,double,2
2787,down,2
1636,downside,2
2820,downward,2
4018,dp,2
2863,Dr,2
2964,drama,2
1723,dramatic,2
3051,drastic,2
5117,dump,2
2373,dusk,2
1439,dwell,2
2418,eachother,2
595,earth,2
3667,ect,2
1796,efficient,2
1687,elderly,2
4634,eligible,2
2461,encounter,2
2936,encouragement,2
2963,engagement,2
704,entirety,2
5746,Erin,2
938,errand,2
3862,esteem,2
2976,Europe,2
72,eve,2
4570,evil,2
882,excitement,2
5580,exclusive,2
5173,excruciating,2
4880,expert,2
5157,expire,2
2068,express,2
3993,Extra,2
2978,extroverted,2
834,factor,2
146,fade,2
3376,fading,2
5073,fantastic,2
5613,father\\,2
3976,feature,2
3573,fence,2
2694,fiction,2
2735,file,2
2498,filling,2
3807,finger,2
2753,fir,2
1013,fishing,2
1504,fitting,2
1525,flee,2
2396,flooding,2
3500,flow,2
1292,flutter,2
5100,foggy,2
2468,follower,2
2968,forest,2
1763,fortunate,2
737,forum,2
1663,Freaking,2
1494,fulfill,2
2524,funeral,2
5705,fur,2
740,gad,2
2357,gambling,2
4281,garbage,2
5696,gaslighting,2
3910,GC,2
3787,gear,2
3593,GED,2
1094,generic,2
4807,genre,2
5298,gland,2
1726,glass,2
4280,glove,2
1916,grandfather,2
2414,grandmother,2
4565,grandpa,2
2481,graphic,2
5335,grave,2
3587,grip,2
3873,grounding,2
5602,Grubhub,2
1189,guest,2
4216,Guilty,2
4636,hallucinate,2
664,handful,2
3782,hatre,2
1887,headspace,2
853,heal,2
3305,healing,2
4437,healthcare,2
3097,heighten,2
1349,herbal,2
4017,here](https://www.amazon.com,2
2743,herenan,2
1509,hermit,2
1351,hesitant,2
5510,hoarding,2
2158,holiday,2
195,holy,2
1954,hostile,2
4821,hot,2
5388,HS,2
2637,http://meetu.ps/c/4xmld/zwz2m/a,2
564,humanity,2
1327,humiliating,2
4173,hundred,2
2944,hydroxyzine,2
5206,I.,2
3014,i.e.,2
5455,icon,2
2828,ideally,2
2446,identify,2
3110,ig,2
1874,immense,2
3058,immersion,2
3749,implode,2
266,incase,2
1080,independently,2
3360,infrequently,2
5436,infuriating,2
1701,initially,2
2995,insensitive,2
885,insist,2
3469,INSTAGRAM,2
3207,institution,2
3716,intensive,2
2134,interfere,2
1520,internal,2
533,international,2
2483,internet,2
729,intimidate,2
2727,introvert,2
2549,ironically,2
4227,Italy,2
3576,jail,2
2487,jaw,2
5750,jfe,2
3208,joking,2
1221,journal,2
643,joyful,2
3470,judgemental,2
3075,jury,2
2543,justify,2
3371,jut,2
2991,key,2
1567,King,2
3672,LA,2
2451,label,2
5437,lake,2
2229,landlord,2
106,language,2
4011,laptop,2
3180,law,2
5534,lessen,2
3358,lesson,2
3680,lining,2
1934,literal,2
2313,loan,2
4912,lobby,2
3457,lock,2
2915,logic,2
2280,lolhello,2
2334,lolnan,2
3491,longer,2
4723,loom,2
2391,loop,2
3124,lt;3,2
1981,lurk,2
2564,lurker,2
1724,lying,2
2456,Magic,2
3397,Main,2
3841,makeup,2
292,male,2
1948,malicious,2
4812,mandate,2
5759,march,2
4417,marijuana,2
5355,mask,2
3096,massively,2
5003,Medicaid,2
752,medicate,2
3092,medication?doe,2
1593,meditate,2
3619,Meditation,2
2636,Meetup,2
5095,memoir,2
4463,Mental,2
1138,messing,2
3572,metal,2
1229,milestone,2
1637,mini,2
2786,miracle,2
1486,model,2
1612,momentum,2
1732,morph,2
4559,mortgage,2
1670,motion,2
598,mountain,2
4103,Mturk,2
5747,Myers,2
4394,natural,2
3345,Netflix,2
1938,neurological,2
4609,Nevada,2
3387,nightly,2
3622,noise,2
2875,nonsense,2
872,north,2
2271,nostalgia,2
571,numb,2
3313,Ô∏ènan,2
2365,observe,2
2350,obsession,2
1843,occupation,2
2765,occupy,2
2962,occurrence,2
4412,offend,2
2339,ongoing,2
3201,openly,2
3890,operation,2
5575,ordering,2
2975,organize,2
548,organizing,2
2935,ounce,2
4373,outbreak,2
4770,outdoors,2
2632,outlet,2
4945,outpatient,2
4512,outsider,2
4366,Overall,2
2131,overlap,2
3854,overnight,2
117,overstimulate,2
3657,own,2
3905,p,2
2924,packet,2
5268,Padilla,2
2087,painfully,2
2908,palpitation,2
4743,pantry,2
4928,paragraph,2
3836,Paris,2
3415,partial,2
3350,participation,2
2617,particular,2
2848,pathetic,2
1876,patience,2
3865,peek,2
3520,pen,2
155,perfectly,2
5333,persist,2
3840,pester,2
1436,photo,2
2322,pissed,2
5036,pizza,2
4243,Places,2
3833,planet,2
3401,plant,2
1832,plate,2
1002,platform,2
4616,plot,2
41,plunge,2
2653,PM,2
2989,Podcast,2
2896,populate,2
4436,population,2
692,poverty,2
3602,praise,2
4984,precious,2
1940,preference,2
2805,pregnant,2
2204,pretend,2
1443,previously,2
2452,pride,2
1950,prisoner,2
2168,pro,2
1847,problematic,2
3687,procrastinate,2
1653,produce,2
3933,profit,2
1376,profusely,2
2860,programme,2
3020,progressively,2
5390,promote,2
2876,proper,2
5700,provider,2
2868,psycho,2
1334,psychology,2
4708,pulse,2
4645,purchace,2
4037,purchase,2
3979,Qapital,2
4026,qualification,2
3347,qualify,2
805,quality,2
2965,queen,2
557,quirk,2
2401,rabbit,2
4294,radius,2
573,rage,2
5159,range,2
1404,rape,2
3463,raw,2
2728,reassure,2
852,rebuild,2
728,receptionist,2
271,reckon,2
1683,recliner,2
3589,reconnecte,2
1569,recording,2
3218,redact,2
3906,register?rb=50837036,2
4992,regress,2
4207,regretful,2
4427,reign,2
1671,reject,2
3007,relatable,2
886,reluctant,2
5069,remote,2
5676,reopen,2
1314,repetitive,2
4239,replace,2
449,rescue,2
1985,resentment,2
84,resolve,2
2180,resort,2
148,restrict,2
2167,restroom,2
3225,reveal,2
4008,revenue,2
2579,reward,2
1864,rich,2
3590,river,2
2833,rn,2
2951,robot,2
1240,roller,2
1519,root,2
1734,roughly,2
4637,salad,2
4819,salami,2
5405,sale,2
2372,sand,2
5588,sandwich,2
4748,Saturday,2
4356,Scared,2
3493,scholarship,2
1118,science,2
1936,scientist,2
5601,Seamless,2
3450,season,2
2364,seat,2
3053,seclude,2
4056,Secret,2
1630,security,2
2257,sedentary,2
4072,select,2
2026,sentence,2
5084,serve,2
621,severity,2
4147,share&amp;ref_source,2
4640,shelf,2
3067,shelter,2
3290,Shit,2
3455,shiver,2
4966,should\\'ve,2
3153,shoulder,2
4911,shove,2
4620,shutdown,2
2634,shyness,2
270,sickness,2
1865,sigh,2
3679,silver,2
4334,simultaneously,2
593,sink,2
1453,skateboarder,2
4954,skin,2
3323,sky,2
493,Skype,2
4152,slavelabour,2
3487,sleepless,2
551,slide,2
4474,slot,2
4257,snake,2
2811,snowball,2
3882,Social,2
3216,socialization,2
5280,solution,2
3334,someday,2
1605,song,2
2560,sooner,2
2682,sooo,2
3536,soothe,2
845,south,2
5407,spare,2
1678,Spice,2
5352,spout,2
3165,sprint,2
1673,SSRI,2
3343,stack,2
3838,stalk,2
2453,standing,2
828,standpoint,2
3971,status,2
3654,steal,2
3798,stem,2
3262,steroid,2
468,storage,2
5554,Store,2
4009,stream,2
3274,stretch,2
793,stroke,2
5524,stroll,2
1679,Stupid,2
1736,submit,2
3912,subscription,2
5572,SUBWAY,2
1907,Success,2
1497,successful,2
5189,sucky,2
628,sufferer,2
2791,sugar,2
3775,suicidality,2
3316,sunglass,2
4905,supply,2
5126,surreal,2
3600,survival,2
2853,sushi,2
4291,suspect,2
2288,sympathy,2
4080,T,2
4108,tab,2
2108,tax,2
768,tech,2
2590,technically,2
2954,technology,2
5127,tennis,2
3888,tension,2
3525,terribly,2
4389,terrorist,2
3961,Texas,2
3859,therapy?i,2
4760,they\\'ll,2
2638,thrive,2
94,throat,2
3793,tinnitus,2
5356,TL;DR,2
2015,todayI,2
549,together,2
3483,tolerance,2
556,tolerate,2
3962,Toronto,2
3117,tour,2
3115,touring,2
3586,trail,2
5068,transition,2
1971,transportation,2
3101,trazodone,2
3819,tremble,2
1196,tremendously,2
5246,truck,2
2788,Trust,2
2127,tunnel,2
2872,turkey,2
1030,twenty,2
2784,typical,2
319,unavailable,2
4850,unavoidable,2
998,undo,2
1208,unfair,2
1987,unit,2
4500,unnecessary,2
4392,unpleasant,2
4385,unsure,2
2666,untill,2
1409,unwell,2
3417,upgrade,2
3111,upsetting,2
3953,usd,2
2627,Utah,2
3959,utility,2
2949,Valentine,2
4869,validate,2
2809,validation,2
2182,Valium,2
867,value,2
5229,van,2
5594,variety,2
623,vary,2
4507,vast,2
2114,vehicle,2
3441,venlafaxine,2
5076,verbally,2
2747,verge,2
2421,versa,2
1119,versus,2
2420,vice,2
1163,virgin,2
3403,vitamin,2
4562,void,2
4362,volunteering,2
3951,wallet,2
1652,Walmart,2
2640,walmart,2
3853,ward,2
596,wash,2
3365,waterworks,2
2685,wean,2
3813,web,2
4029,webcam,2
1741,weirdo,2
4991,welp,2
2323,whatnot,2
2551,whatsoever,2
83,whiner,2
4907,whisper,2
1206,wind,2
693,woods,2
3386,Working,2
4082,Worldwide,2
3701,worseI,2
3328,would\\'ve,2
4400,wouldn\\'t,2
4878,wow,2
4516,Y'all,2
2281,y\\'all,2
3545,yay,2
3639,york,2
2577,YouTube,2
2337,zoloft,2
4410,üíñ,2
1278,üò±,2
2051,üò≠,2
2760,üòî,2
2585,#NAME?,2
4387,#NAME?,2
5585,-2004,1
4891,-19,1
1861,0,1
4038,0.01,1
4133,0.1,1
3474,3:01,1
3399,4:45,1
2813,9:45,1
2681,0.5,1
3394,0.5,1
2720,2.5,1
4122,2.99,1
5163,3.5,1
3396,4.2,1
2171,4.5,1
3909,5.99,1
5605,18.95,1
2887,28,1
5123,31,1
3641,38,1
5509,46,1
4302,47,1
5638,65,1
2651,67,1
3054,70,1
3644,72,1
1026,77,1
5034,85,1
1946,95,1
3213,96,1
4384,98,1
4025,125,1
3826,132,1
3926,150,1
2880,170,1
4786,180,1
4127,190,1
3756,700,1
3214,1000,1
1762,"1,100",1
4137,"1,500",1
4039,1800,1
4000,"2,000",1
5612,2004,1
5693,2011,1
4396,2015,1
4615,5475,1
1027,1/11/20,1
3037,3-Feb,1
5231,16-Apr,1
2762,11-Sep,1
5256,15-Oct,1
1845,13-Dec,1
4896,22-Dec,1
4554,27-Dec,1
4184,18277282,1
2652,10000000000,1
3281,-___-,1
5122,---,1
5019,-shrug-,1
4662,:3,1
141,......,1
149,........,1
2583,............,1
940,‚Ä¢Õà·¥ó‚Ä¢Õà,1
2955,‚ô•,1
3312,‚ò∫,1
5264,‚òÖ,1
3788,‚õÖ,1
2882,/end,1
2219,/nan,1
4012,\\'clock,1
4172,\\'em,1
3379,\\'escape,1
3515,\\'I,1
3725,\\'interview\\,1
5466,\\'roni,1
4761,\\'small\\,1
2318,\\\\_\\\\_\\\\_\\\\_\\\\,1
2315,\\\\_\\\\_\\\\_\\\\_\\\\_\\\\,1
3727,\\\\-Had,1
3732,\\\\-My,1
3731,\\\\-we,1
4663,\\\\~fin\\\\~,1
5104,‡∞¨‡∞π‡∞ø‡∞∞‡∞Ç‡∞ó,1
5106,‡∞≠‡∞Ø‡∞Çnan,1
5103,‡∞ó‡±Å‡∞Ç‡∞™‡±Å‡∞≤‡±Å,1
5105,‡∞™‡±ç‡∞∞‡∞¶‡±á‡∞∂‡∞æ‡∞≤‡∞Ç‡∞ü‡±á,1
3763,¬Ø\\\\\\\\\\\\_(„ÉÑ)\\\\_/¬Ø,1
5265,03nan,1
4101,1.25x,1
4684,1/1-,1
4687,1/10-,1
4688,1/15-,1
4689,1/20-,1
4685,1/4-,1
4686,1/7-,1
3946,10-$120,1
3956,10-$40,1
3918,100](https://www.sofi.com,1
4674,10th-,1
2195,110lbs,1
4679,12/27-,1
4680,12/28-,1
4681,12/29-,1
4675,15-,1
3902,15-$35,1
3612,15-years,1
4131,15](https://imgur.com,1
5762,15/16,1
3637,15min,1
3423,15minute,1
4091,15th,1
3914,16-$29,1
4514,18yrs,1
4111,190](https://imgur.com,1
3430,19F,1
3655,1k,1
4691,2/1-,1
4692,2/10-,1
4693,2/21-,1
4694,2/24-,1
4695,2/25-,1
4696,2/28-,1
3980,20](https://get.qapital.com,1
1153,20/20,1
3935,200](https://chime.com,1
2953,20f,1
5737,20F,1
3652,20th,1
4676,22-,1
4830,22)unfortunately,1
4995,220lbs,1
3177,22nd,1
3174,23rd,1
4677,24-,1
5111,24yr,1
3915,25-$50,1
783,25th,1
3627,2hr,1
4044,"3,142](https://imgur.com",1
4097,"3,500](https://imgur.com",1
4697,3/1-,1
4700,3/10-,1
4701,3/11-,1
4703,3/20-,1
4698,3/5-,1
4673,30-,1
5597,30-$100)](https://imgur.com,1
4076,305](https://imgur.com,1
4874,34F,1
2925,3x,1
4022,"4,300](https://imgur.com",1
4078,40](https://www.talkable.com,1
4062,485](https://imgur.com,1
4397,4th,1
2193,6‚Äô1,1
4350,60lbs,1
2569,6ish,1
2973,6months,1
3437,6th,1
4032,775](https://imgur.com,1
3156,7hours,1
2424,7th,1
4157,80](https://www.reddit.com,1
4070,800](https://imgur.com,1
730,8am-5pm,1
2050,8nside,1
4129,9-$11,1
1893,9:00am-10:30am,1
5248,9n,1
5193,9x,1
5687,9yrs,1
5140,a.,1
913,AA,1
5320,aah,1
4215,aap,1
4071,ab5ptaN,1
2292,aback,1
2912,abandon,1
2591,abduct,1
2061,absence,1
3279,absolitrly,1
5090,absorb,1
1928,academically,1
5717,acceptable,1
5470,acclimate,1
2972,acclimatize,1
3426,accommodate,1
3498,accomplishemnt,1
3656,accountable,1
1033,accountant,1
5557,accusatory,1
5009,accustom,1
1482,achievable,1
5394,achievement,1
4972,acknowledge,1
4168,acorn,1
2223,acre,1
2839,acreage,1
3940,activate,1
4411,actualization,1
2340,acutely,1
4040,ad,1
5072,adapt,1
2534,addictiveness,1
3810,adhd,1
5631,ADHD,1
5032,adjust,1
2646,admin,1
5380,administration,1
3270,admire,1
1245,admission,1
2105,adulthood,1
2647,advertisement,1
3733,advice?I‚Äôve,1
601,Advice?So,1
3535,AdviceHello,1
5018,adviceHi,1
1927,advicei‚Äôve,1
458,adviceMy,1
4854,advocate,1
4234,af,1
4568,affair,1
2538,affirmation,1
5494,affliction,1
4220,afraidbee,1
1989,African,1
5146,againAfter,1
4901,againbefore,1
100,agoi,1
3543,agonan,1
4211,agonising,1
4210,agony,1
4606,agora,1
5134,AgorafabulousHi,1
4251,Agoraphia,1
1975,agoraphobelast,1
4860,agoraphobia-1f47d67d7ef5,1
1914,agoraphobia!im,1
1405,agoraphobia!suddenly,1
612,agoraphobia?Before,1
3409,agoraphobia?i'm,1
3876,Agoraphobia?I'm,1
4191,agoraphobia?It,1
5344,agoraphobia?My,1
4370,Agoraphobia?nan,1
1648,agoraphobia?Now,1
3125,agoraphobia?So,1
2761,agoraphobia?The,1
3834,agoraphobia?tw,1
3114,agoraphobia.yeah,1
4672,agoraphobia(more,1
4811,agoraphobia)nan,1
3818,AgoraphobiaAbout,1
1908,AgoraphobiaBeing,1
5729,AgoraphobiaFirst,1
2213,agoraphobiaHello,1
2426,AgoraphobiaHi,1
1711,agoraphobiaHow,1
1392,agoraphobiaI'm,1
2501,AgoraphobiaI'm,1
1124,AgoraphobiaI‚Äôm,1
4288,agoraphobiaI‚Äôm,1
3739,agoraphobiai‚Äôve,1
684,agoraphobiaIt,1
2244,agoraphobiaJust,1
5508,agoraphobiaso,1
5520,agoraphobiawhen,1
4752,AGORAPHOBIC,1
3884,agoraphobic?Back,1
3429,agoraphobic?I‚Äôm,1
3825,Agoraphobicnan,1
5348,Agoraphobics‚Äùnan,1
5269,agoraphobicsnan,1
5234,agoromphobiaens,1
5662,agorophbia,1
3049,agrobiac,1
3046,Agrophobia,1
5271,agrophobia?nan,1
397,aha,1
3287,ahhh,1
3811,ahold,1
4045,AhWXpuw,1
2165,aide,1
2073,Airbnbs,1
5482,airline,1
365,AirportHey,1
3532,aka,1
3845,alarm,1
2709,Alaskan,1
5204,alcoholic,1
500,alienate,1
4348,alleviate,1
2658,alley,1
4881,alll,1
3108,alone!i,1
5634,alone?i,1
3094,alone?I\\'m,1
1854,aloneBeen,1
435,aloneI‚Äôm,1
5008,alongside,1
3329,aloof,1
4342,also-,1
3374,althought,1
3681,AMA,1
2894,amazed,1
2624,ambition,1
5507,ambulance,1
5706,ambush,1
2763,American,1
2143,Amitriptyline,1
5284,ammo,1
3293,amoxaphobic(anxiety,1
544,amphetamine,1
4569,amuse,1
3006,amusement,1
2502,Amy,1
4490,amy,1
4611,analyze,1
3651,ane,1
3062,angeles,1
4755,anger,1
4489,announce,1
2580,annoy,1
2459,annoyed,1
2060,anorexia,1
5288,anthony,1
3189,antianxiety,1
3805,antibiotic,1
4970,anticipatory,1
5500,antidepressant,1
2252,antisocial,1
5447,anxiety?Been,1
2486,Anxiety?I,1
4707,anxiety?i,1
5531,anxiety?my,1
4287,anxietynan,1
3069,anxiousi,1
3259,anymore?so,1
1368,anymorei'm,1
5415,anymorewhen,1
2639,anyone?i,1
4556,anythingI,1
2705,anywho,1
4340,APARTMENT,1
2626,apathy,1
5728,Apocalypse,1
5733,apocalypse,1
1868,apon,1
4897,applaud,1
4642,apple,1
919,applicable,1
723,apply?Hey,1
5330,appoint,1
5715,appointment)?i,1
2436,appointmenti,1
5175,appointmentI,1
2622,appreciatedSo,1
4328,appreciatenan,1
5472,appreciation,1
1844,apprenticeship,1
4236,approche,1
709,appropriate,1
5158,Apps,1
1053,apt,1
5361,apts,1
3920,APY,1
5107,arachnophobic,1
4499,aren\\'t,1
3224,arena,1
5555,argue,1
3418,arise,1
1256,armpit,1
1098,arthritis,1
2099,articulate,1
4094,artistic,1
2903,asap,1
4605,aspect,1
3210,aspiration,1
3368,assess,1
3346,assessment,1
4530,assistance,1
2166,assistant,1
1511,assurance,1
5089,assure,1
5342,aswell,1
4335,atMy,1
1490,atrocious,1
5207,attach,1
3869,attacks?i,1
5167,attackthis,1
5628,attic,1
2267,attitude,1
5120,attractive,1
4003,au5am7,1
4218,audibly,1
2120,audience,1
5501,augmentation,1
4268,aunt,1
4048,Aus,1
3509,autism,1
707,autistic,1
307,automatically,1
767,automotive,1
5295,autopilot,1
4104,availability,1
4024,averaging,1
5400,avoidance,1
4361,avpd,1
4194,award,1
5417,awareness,1
4895,away?I‚Äôve,1
903,away?over,1
3157,awaywhat,1
5313,awe,1
4876,awful-,1
5473,awfulon,1
4118,B07HT4Y9J6,1
4019,B07W795PBP,1
5241,babysitter,1
4318,babysitting,1
4472,back,1
5252,back!!hi,1
4001,back](https://www.reddit.com,1
1268,backing,1
4404,backroad,1
5299,backsie,1
4626,backSo,1
4275,backstorie,1
1549,backstory,1
2176,backup,1
2563,backward,1
4957,backwards,1
1000,bad-,1
1479,badass,1
5149,badIt,1
1810,Bahamas,1
3659,baker,1
3664,bakery,1
997,BAM,1
2014,band,1
2001,bang,1
2311,bank\\,1
5459,banner,1
905,Barnes,1
2206,basket,1
2488,basketball,1
4053,batch,1
3267,bathe,1
3119,battery,1
2980,bawling,1
4141,BBB,1
5496,BD,1
1733,BDD?I,1
4283,bearable,1
4540,beast,1
3188,becomei,1
2698,Bedroom,1
3169,bedtime,1
1990,bee,1
3989,beermoney,1
3990,Beermoney,1
495,befriend,1
4115,Beginner,1
4123,beginner\\,1
1756,BeginningsI‚Äôm,1
2032,behavioural,1
3542,Behold,1
4623,behold,1
2831,bej,1
2592,belief,1
1879,belittle,1
3653,belove,1
4237,beneath,1
3151,benzos,1
3377,benzos?Hey,1
4405,better,1
3544,better!!My,1
5145,better]nan,1
5061,Big,1
2445,biologically,1
3795,birdwatch,1
3277,Birmingham,1
5445,bittersweet,1
3422,bizarre,1
5671,blacking,1
3242,bladder,1
4352,BlahHey,1
3794,blare,1
5399,blatant,1
5685,blend,1
2383,bless,1
1900,blockage,1
4553,blocker,1
973,blockers?my,1
2710,blunt,1
3087,BMW,1
4763,board,1
5440,boat,1
4399,body\\,1
3130,boi,1
5282,boil,1
1417,bomb,1
1705,bond,1
5092,bone,1
3892,bong,1
2692,Book,1
1716,boost,1
3084,borderline,1
2359,bore,1
4527,boredom,1
2086,both)?as,1
1769,boundso,1
4783,bout,1
4950,bow,1
4816,bowl,1
2657,bowling,1
4252,BP,1
2404,brag,1
5702,brainwash,1
2923,brand,1
1915,breakup,1
4441,breeze,1
522,brief,1
5279,briefly,1
4099,british,1
2510,broadlyIm,1
4826,broth,1
663,browse,1
4021,brunihurst-171379f42e11,1
3507,brush,1
4419,bsWas,1
3373,bubble?So,1
262,bucket,1
1046,buckle,1
4266,buffalo,1
2799,bug,1
4646,buisnesse,1
4904,bullet,1
5027,bump,1
3504,bumpy,1
2400,bunny,1
1566,Burger,1
5614,burial,1
4775,burner,1
5689,bury,1
3306,Bus!I'm,1
2751,butI‚Äôm,1
3327,button,1
4842,C,1
1785,C-,1
3121,cabin,1
2159,cafe,1
3158,Calcifer,1
1237,calcium,1
5709,calculate,1
5168,calf,1
3960,California,1
4718,calm.nan,1
4269,cam,1
2377,camera,1
1022,camp,1
3033,can!yes,1
3244,CAN‚ÄôT,1
5414,Can\\'t,1
2142,cancel?I,1
5426,Cannabis,1
3363,capacity,1
967,carb,1
3642,cardiologist,1
4299,careful,1
4176,carefully,1
5711,caregiver,1
5745,Carolina,1
2465,cartoon,1
2366,casino,1
880,catapult,1
3837,catcalling,1
2197,catch-22,1
4174,caution,1
3176,cave,1
1551,CC,1
2305,CD,1
2921,cd,1
1239,celebrate,1
3868,celebration,1
2478,celebrity,1
2002,cell,1
4015,cellphone,1
4817,cereal,1
5303,ceremony,1
5395,certification,1
4145,cfoud7,1
3950,cfspw3b9,1
5456,CHALLENGEHi,1
1804,changer,1
5637,Changing?!Hello,1
5353,charge(not,1
5522,chase,1
1715,chat?Hello,1
4274,chat?Hey,1
5367,chatting,1
5219,chatty,1
3047,chatWould,1
2897,chav,1
3339,cheaply,1
3160,cheer,1
4906,cheque,1
4756,chewing,1
3670,chicago,1
5236,childI,1
3516,childlike,1
578,Chile,1
1831,china,1
5610,chink,1
5153,chirp,1
3665,chirstmas,1
4628,chrinic,1
4678,Christmas-,1
5358,chronically,1
5528,chubby,1
2089,chuckle,1
1175,church,1
4682,cig,1
3440,citalapram,1
4503,civilization,1
5183,claim,1
2734,claimhi-,1
5448,claire,1
5768,clanazapane,1
928,Clarksville,1
2145,classic,1
2489,classmate,1
1889,ClassWell,1
210,claustrophobic,1
3889,clerk,1
3635,client,1
4669,climate,1
1197,climb,1
1420,cling,1
5039,clinical,1
4709,Clinicalnan,1
3149,clinician,1
4317,closure,1
5064,clue,1
5001,clueless,1
1075,CO,1
3682,coach,1
3895,coat,1
4949,coax,1
5568,cochlear,1
5386,cocktail,1
5517,coincidence,1
4230,colapse,1
2031,collage,1
2029,collage?In,1
534,colleague,1
1888,College,1
1706,CollegeThinking,1
814,combination,1
5086,combine,1
2163,COME!Okay,1
5136,comedian,1
2701,comedienne,1
2695,comedy,1
4594,comfy,1
4332,comically,1
3581,command,1
5178,comments.)nan,1
4158,comments/92k4n0,1
4946,commit,1
4853,commitment,1
3155,comorbidity,1
2555,compassion,1
954,compassionate,1
4804,compensation,1
4508,complaint,1
3874,complexity,1
4295,complication,1
2454,compliment,1
1121,component,1
474,compounding,1
5205,comprehend,1
2190,compulsive,1
5375,Compulsive,1
2314,compulsively,1
5101,comunicate,1
2169,con,1
1583,concious,1
2172,conclusion,1
3571,Concrete,1
3567,condemn,1
5463,confessionI'm,1
2076,confrontational,1
5629,confusednan,1
517,confusion,1
5053,congest,1
4536,Congress,1
5451,Connecticut,1
2573,consist,1
2679,consistency,1
3714,contagious,1
1432,contemplate,1
4452,continuously,1
4300,contract,1
3011,controllable,1
2071,convenient,1
5338,conversations?doe,1
3221,convincing,1
4666,coope,1
3447,cope?i,1
3898,copy,1
826,coq10,1
4822,corn,1
3027,Cornwall,1
1209,corny,1
5016,Corona,1
4509,corona?i,1
2851,coronavirus!nan,1
4292,coronavirus?i,1
4222,Coronavirusnan,1
4847,correct,1
1780,correctly,1
5664,correctly(full,1
939,cosmetologist,1
4714,costumer,1
3026,Cotehele,1
4304,cough,1
5230,coughing(i,1
5721,could,1
2324,could\\'ve,1
4238,couldent,1
5397,Council,1
2655,councilling,1
5387,counseling,1
945,counselinganyone,1
2904,counter,1
4835,countless,1
3260,coupe,1
5128,court,1
4890,COVID,1
5154,covid-19,1
4382,COVID-19?I,1
4203,COVID-19The,1
4372,covid19,1
5121,COVIDSo,1
3773,covsultation,1
4627,CPTSD,1
3791,cramped,1
2852,craving,1
4948,crawl,1
5336,creator,1
3220,credential,1
3850,creeps,1
3582,crew,1
5331,cricket,1
5616,criminal,1
4744,crisis!I,1
1277,criterion,1
3806,crossing,1
2363,crucial,1
4961,cruel,1
2006,cruelty,1
3661,crying,1
448,CT,1
5029,culdesac,1
1999,cup,1
5767,curb,1
5054,curbside,1
1708,CureSometimes,1
5058,curfew,1
4595,curfew?On,1
2245,custodian,1
1818,custom,1
5007,cute,1
665,cycling,1
1093,Cymbalta,1
5590,CZKWGLD.png,1
3720,D&amp;D,1
3817,D√©r√©alisation,1
3822,d√©r√©alisation,1
5578,d0k7eTD.jpg,1
3561,dabble,1
3184,DAE,1
1051,Dallas,1
3663,dallas,1
242,dang,1
1578,dangerously,1
1913,Dating,1
1639,DatingI‚Äôm,1
2871,datum,1
4153,daunting,1
4705,day-,1
3514,"day?""I",1
2566,day?tldr,1
3291,daysto,1
1537,DBT,1
5758,deadline,1
5646,deafening,1
3904,deal](https://www.swagbucks.com,1
3524,dear,1
5276,debate,1
3939,debit,1
5516,debt,1
2943,debut?Was,1
4309,decaf,1
3340,decidedly,1
5493,deck,1
5483,decrease,1
1496,deem,1
4980,defeat,1
2879,defeated.200,1
4558,defer,1
1238,deficiency,1
3997,definition,1
4005,definitive,1
2861,deflate,1
3454,dehydration,1
5561,deleted](https://i.imgur.com,1
1830,delicate,1
3553,delinquent,1
5600,delivery.com,1
5603,delivery.com](https://imgur.com,1
184,delt,1
1965,delude,1
5164,demand,1
5723,dementia,1
3554,dependence,1
2527,depersonalisation,1
3445,depression/,1
2526,derealisation,1
5357,derealizationHello,1
5099,DerealizationMost,1
1141,Derealizationstarted,1
5529,derealize,1
3551,derelict,1
679,dermatology,1
567,description,1
476,desk,1
3783,despair,1
3008,despise,1
3784,despondency,1
5543,Destress,1
3831,detect,1
3848,deter,1
5038,detergent,1
1501,determine,1
4493,detrimental,1
3411,devastating,1
3814,developer,1
2092,developmentally,1
5213,diagnoally,1
5735,diagnosable,1
1926,diagnosis-,1
3506,diagnosis?i,1
5233,dialing,1
1247,dialysis,1
1251,Dialysis,1
5396,Diamond,1
1406,diarrhea,1
4766,diary,1
3772,diazipam,1
3766,dick,1
3992,Dictionary,1
959,diet?Did,1
1345,differ,1
2779,differently,1
607,diffrent,1
4776,diffuser,1
655,digestive,1
5582,DIGITAL,1
4720,DilemmaHi,1
3564,dime,1
5718,diminish,1
2277,dimmer,1
5467,dining,1
3828,dirt,1
2815,disaster,1
4545,disastrous,1
3856,discharge,1
3356,disconnect,1
494,discord?I,1
3708,DiscordHey,1
4888,discount,1
5056,discouragement,1
5065,discussion,1
3843,disgust,1
3171,dish,1
3785,dismal,1
4873,dismissive,1
5200,disobedient,1
1625,disorder?my,1
5170,disorder)nan,1
3083,disorderI,1
4754,DISORDERI‚Äôm,1
5673,disorderr,1
130,disorient,1
5703,disown,1
2697,Dispatches,1
4105,disqualify,1
2874,disregard,1
5383,disruptive,1
5653,dissertation,1
2985,disservice,1
132,dissociate,1
3459,distant,1
3012,distinguish,1
3142,distraction,1
4938,dive,1
5666,diving,1
498,dm,1
4988,dms,1
3295,DMV,1
5722,do,1
2764,do?what,1
5726,doctor!!!this,1
2349,document,1
4861,DocumentaryHello,1
1823,documentation,1
4801,dodge,1
3861,dodo,1
3512,DOE,1
4316,dog.nan,1
3245,DON‚ÄôT,1
2139,donation,1
3591,doobie,1
5608,doorman,1
1604,dopamine,1
1095,dosage,1
4246,Dose,1
4050,Downside,1
5043,downstairs,1
3154,downwards,1
1287,doze,1
4073,dozen,1
4546,DPDR,1
5678,dr,1
3996,draft,1
4864,Dramadan,1
1514,dramatically,1
1562,drinker,1
2979,drought,1
4971,drowning,1
1635,Dry,1
2827,duck,1
5570,duration,1
3407,duty,1
3076,dutyI,1
3711,DX,1
1362,dysfunction,1
2059,dysmorphia,1
5247,E.R.,1
4967,eager,1
4814,earlier,1
4049,earner,1
4461,earthquake,1
3816,easier?For,1
4526,eating,1
4114,eBay,1
4110,ebay](https://www.ebay.com,1
4120,ebay+for+beginners&amp;qid=1553285100&amp;s,1
4117,ebook,1
3648,echocardiogram,1
3623,ed,1
2016,educate,1
5371,Edward,1
5574,effectively,1
5499,effectiveness,1
3405,effectsMy,1
5343,Effexor,1
2930,egg,1
2971,ego,1
2568,eh,1
3395,ehhh,1
1318,EKG,1
3640,ekg,1
2605,elect,1
4167,electric,1
4717,element,1
829,eliminate,1
3860,else?i,1
2589,else?my,1
2902,embarrassment,1
4845,Emetophobia,1
4843,EmetophobiaDoes,1
5748,emmyers@wcu.edu](mailto:emmyers@wcu.edu,1
4713,employ,1
5197,empower,1
4477,emptyAll,1
1853,Emptyness,1
4893,emulate,1
457,encouragement/,1
2479,encyclopedia,1
3603,endlessly,1
3649,endocrinologist,1
5683,endsocial,1
5530,ensue,1
3529,ENT,1
1488,entail,1
1422,entirely,1
4653,entrence,1
687,envelop,1
2278,envision,1
5006,epidemic,1
3624,epileptic,1
5083,epiphany,1
4602,equate,1
5497,equipoise,1
1748,er,1
5478,erase,1
1517,erp,1
4183,error,1
4722,erupt,1
2929,ESA,1
2338,escalate,1
1512,escapesince,1
2547,escapist,1
3315,escort,1
1754,esque,1
4155,essay,1
2631,establish,1
4358,establishment,1
1945,estimate,1
2838,estrange,1
2552,eternally,1
3941,etoro](https://etoro.tw/31a5o9b,1
876,europe,1
2941,Everest,1
5538,everyone\\,1
2310,evict,1
5423,evolve,1
4550,exacerbate,1
3508,exaggerate,1
5012,exames,1
531,excellent,1
2008,exception,1
5704,exceptional,1
5020,exceptionally,1
4584,excess,1
3519,excessively,1
4240,excitment,1
3408,excusal,1
5740,ExercisingI‚Äôm,1
3330,exhausting,1
5151,exhilarating,1
3296,exhuated,1
2907,existent,1
4199,existential,1
1877,expand,1
3923,Experian,1
4926,experience/,1
5093,experiences?Do,1
5734,explode,1
4910,expression,1
3820,external,1
3378,extinguisher,1
4852,extraordinarily,1
3770,Extreme,1
4515,extrovert,1
2942,extrovert?I'm,1
5607,ezxYfyq.png,1
2065,F,1
3863,F.,1
4715,facebook,1
4202,fallback,1
3479,familiarity,1
2957,familiarnan,1
2411,Family,1
4879,family-,1
1722,family?I've,1
3226,famous,1
5224,fan,1
2467,fanblog,1
2466,fanfiction,1
2472,fangirl,1
4952,fare,1
4267,farm,1
4690,farth,1
2269,farther,1
4614,fascinating,1
4780,fashion,1
5670,fatigued,1
4555,faught,1
4779,favourite,1
1655,fear?Mine,1
4501,fearI,1
2058,feasibility,1
1869,Fed,1
5429,feeler,1
3809,feelingI,1
4794,feesible,1
2102,feign,1
4706,femember,1
5627,fencing,1
5291,fetish?nan,1
1953,Ffs,1
3023,fianc√©,1
3202,fiance,1
5409,fiber,1
2469,fic,1
1338,fictional,1
4534,fingertip,1
2999,firstly,1
1020,fish,1
4740,fishtank,1
2572,fist,1
4638,fixing,1
1185,Fl,1
5253,flair,1
1795,flaking,1
4998,Flat,1
1451,flatmate,1
3227,flawlessly,1
5364,flinch,1
3870,flood,1
4228,Florida,1
2398,floristry,1
5277,flounder,1
3309,flower,1
105,flowery,1
2117,fluctuate,1
3438,fluoxetine,1
2109,flurry,1
1811,flyer,1
4471,flyI,1
5542,Focus,1
4422,folk,1
3497,FOLLOW!If,1
2841,Fomo,1
4271,footage,1
5030,football,1
5593,footlong,1
3284,footstep,1
4883,for-,1
5545,for?just,1
4401,forbid,1
4406,forced,1
4648,forehead,1
3496,foreign,1
5091,foresee,1
4762,foreseeable,1
5431,formal,1
1827,formally,1
3163,forth,1
2922,fortune,1
1682,Forward,1
2054,forwards,1
4529,foster,1
5460,foward,1
3894,fragile,1
2419,frail,1
2603,freelance,1
4832,frequency,1
5382,frequently,1
4806,friend?the,1
618,friendhello,1
5649,friends/,1
3127,FriendsFeel,1
239,frown,1
1123,frustrated,1
983,frustrationAfter,1
4454,fry,1
4924,ftnsmk,1
2272,FUCK,1
3040,Fuck,1
4201,fuckboy,1
3308,fudge,1
4737,fuel,1
5619,fulfil,1
5536,functional,1
2601,functionally,1
3944,Fund,1
4887,funding,1
3599,funnily,1
5480,furlough,1
2812,fussy,1
4249,future.i‚Äôm,1
4273,future.nan,1
3774,fuzzy,1
4921,gabapentin,1
2250,gag,1
4368,gal,1
2449,Gamestop,1
3764,gang,1
4767,gardening,1
487,garnish,1
4121,gateway&amp;sr=8,1
5385,gawk,1
4100,GBP,1
2033,GCSE,1
2484,geek,1
3767,geez,1
4156,gem,1
4533,Gen,1
1919,generalise,1
3203,genital,1
4491,genuine,1
5166,genuinely,1
5209,germ,1
3205,gesture,1
5215,giant,1
5081,giddy,1
4170,giftcardexchange,1
1560,gin,1
3204,glance,1
4367,glimmer,1
2974,glitchy,1
4525,glorify,1
4791,God,1
3230,goddam,1
4735,goes,1
4161,gold,1
4531,golden,1
3691,goodreads?the,1
3975,goodwill,1
3251,goto,1
2041,gp,1
2598,grad,1
5639,gradual,1
5471,graduation,1
2523,Grandad,1
4659,granite,1
5212,grass,1
4742,gratitude,1
2850,gravely,1
2040,greatful,1
3036,greatness,1
5300,grieving,1
502,Grocery,1
2834,grocery!!I,1
1753,Groundhog,1
3139,groundhog,1
1714,Group,1
2027,group.nan,1
5450,groupnew,1
3839,guarantee,1
4913,guard,1
5283,guidance,1
4523,gussie,1
1799,guy!Hi,1
5314,guys\\,1
5143,ha,1
3522,hahaha,1
2744,haircut!I'm,1
889,haircuts?haircut,1
2154,halfway,1
1449,hall,1
4576,hallucination,1
3513,handling,1
4699,hanging,1
2249,hangout,1
1563,hangover,1
1190,happily,1
5188,Happy,1
2283,hardass,1
4661,hardcore,1
3707,harderi,1
5465,hardi,1
1128,Harding,1
5108,hardnan,1
2470,Harley,1
3091,harmful,1
5362,harrasse,1
1201,hasn\\'t,1
2842,HateI,1
2562,Hawaii,1
4803,hazard,1
5690,He\\,1
4647,he\\'d,1
4975,headrest,1
5075,headset,1
4777,Headspace,1
4464,Health,1
3016,healthily,1
5657,Healthy,1
2909,Heart,1
3852,heath,1
5477,heaven,1
3223,heck,1
4323,hectic,1
5626,hedge,1
1656,height,1
3420,helicopter,1
3594,Hell,1
4610,hellsocial,1
4255,helo,1
3042,Help!!!!Can,1
2990,Help!?!\\u202aSo,1
4574,help??Hello,1
4407,help?Hi,1
4712,help?i,1
311,help?this,1
5682,help.nan,1
4282,helpful!I\\'ve,1
3300,helpHey,1
3531,HelpHey,1
3685,helpHi,1
5258,helpI,1
1159,helpless,1
524,here--,1
1454,here?curious,1
3082,here?nan,1
4143,here](https://www.reddit.com,1
4937,here\\,1
2671,HereHey,1
3209,hereI‚Äôve,1
2299,heres,1
1909,Hermit,1
4185,hesitate,1
4063,HfQ7PZw,1
2864,highten,1
5535,hike,1
1116,hikikomorii,1
2702,hilarious,1
4612,hills/,1
2840,hindrance,1
4965,hindsight,1
3566,hip,1
5249,Hip,1
2220,HiTBH,1
5015,hive,1
2956,hmmm,1
4809,HMU,1
4641,hoarder,1
2476,Holland,1
2507,Hollywood,1
3645,Holter,1
4286,home?I\\'m,1
4902,homebody,1
3897,homeHello,1
5285,homelessness,1
2439,hometown,1
4813,homeWas,1
5720,honestI'm,1
3271,honesty,1
777,honeymoon,1
1503,honor,1
2673,hoo,1
3885,hoodie,1
3120,hop,1
5250,Hop,1
5769,hope!I,1
5630,hope?hi,1
3482,hopelessIs,1
4933,hormone,1
1518,horrid,1
2862,horrify,1
5031,horrifying,1
3692,horror,1
2856,hospital!!!!I,1
4402,hospital?I‚Äôve,1
5278,hospitalize,1
3065,hostel,1
2772,hotboxing,1
3400,HOUSE,1
2346,house??panicking,1
5226,house(3/18,1
2081,housebound?My,1
1745,houseboundI'm,1
3173,housework,1
4635,housing,1
1828,HR,1
4068,hr,1
3628,hrs,1
1553,hs,1
5138,http://comicsbookclub.libsyn.com/i-have-peed-in-bowls-w-sara-benincasa](http://comicsbookclub.libsyn.com/i-have-peed-in-bowls-w-sara-benincasa,1
4486,https://discord.gg/DEYwVH,1
1778,https://docs.google.com/forms/d/e/1FAIpQLScxta1FKT8dlmpV3gpzJCWRHadCrEA-DqKbX0rpliG1I8yWmw/viewform?usp=sf\\\\_link](https://docs.google.com/forms/d/e/1FAIpQLScxta1FKT8dlmpV3gpzJCWRHadCrEA-DqKbX0rpliG1I8yWmw/viewform?usp=sf_link,1
4414,https://docs.google.com/forms/d/e/1FAIpQLSej5kq2Szn8w1vqt0yiKYweyXEFiIPBBVYokMbQagAT3qNlyw/viewform?usp=sf_link,1
5079,https://forms.gle/sky9jkz7k8vbfkws8,1
5656,https://forms.gle/XU557avDn4TZxJxY9](https://forms.gle/XU557avDn4TZxJxY9,1
3688,https://forms.gle/zhdnrbzky1negq8d8](https://forms.gle/zhdnrbzky1negq8d8,1
2354,https://ginxminx.wixsite.com/panicateverywhere](https://ginxminx.wixsite.com/panicateverywhere,1
5160,https://questpsychologyservices.co.uk/blog/f/top-apps-whilst-isolating](https://questpsychologyservices.co.uk/blog/f/top-apps-whilst-isolating,1
5749,https://wcu.az1.qualtrics.com,1
4738,https://www.anxietycoach.com/exposuretherapy.html,1
5453,https://www.facebook.com/groups/649668549103294/](https://www.facebook.com/groups/649668549103294/,1
4857,https://www.reddit.com/r/Agoraphobia/comments/fngwh5/my\\\\_biggest\\\\_fear\\\\_is\\\\_not\\\\_catching\\\\_a\\\\_virus\\\\_or\\\\_dying/](https://www.reddit.com/r/Agoraphobia/comments/fngwh5/my_biggest_fear_is_not_catching_a_virus_or_dying/,1
4290,https://www.surveymonkey.com/r/KMC2F8Q,1
5210,https://www.youtube.com/watch?v=fr3iyr\\\\_zzak](https://www.youtube.com/watch?v=fr3iyr_zzak,1
5290,https://www.youtube.com/watch?v=JS7yXjAZrxg](https://www.youtube.com/watch?v=JS7yXjAZrxg,1
2509,https://www.youtube.com/watch?v=quIkrg55QwM](https://www.youtube.com/watch?v=quIkrg55QwM,1
4494,https://youtu.be/j0htmzisolq,1
4579,hugely,1
4580,hullucinations,1
1212,humanitarian,1
5214,humongous,1
4327,humour,1
1024,hunt,1
5686,hurry,1
3511,hurtful,1
4899,hve,1
3402,hydrated,1
3969,Hydro,1
3015,hygiene,1
3285,hyper,1
5731,hyperfixated,1
1254,hyperhidrosis,1
2675,hypnosis,1
3712,hypochondriac,1
3636,hypochondriaca,1
4431,hypothetical,1
3638,idaho,1
854,ideal,1
4242,ideation,1
2485,identity,1
3320,ifs,1
4253,II,1
5238,iI,1
1718,Ikea,1
1717,ikeaI,1
4424,Ill,1
2062,illegitimate,1
5641,illness/,1
2660,illogical,1
5181,illusion,1
4942,imaginable,1
4310,imaginary,1
4831,Imaging,1
1821,immediate,1
3465,immensely,1
2024,immidiate,1
4458,immunocompromised,1
2039,impact,1
2819,impend,1
5569,implant,1
5368,implementation,1
4884,imply,1
4542,importantly,1
5321,impose,1
4858,improv,1
3035,impulsive,1
5525,in,1
5681,inaction,1
1692,inactivity,1
2981,incapacitate,1
1069,incentive,1
1516,incessantly,1
3183,inch,1
3986,inclusive,1
4990,income.nan,1
4224,incompatible,1
5699,incompetent,1
5301,incomprehensible,1
2205,inconsolable,1
4964,inconvenient,1
682,indecision,1
4947,indefinite,1
2361,indefinitely,1
1101,Independent,1
1457,independent,1
3043,India,1
2203,Indianapolis,1
4336,indicate,1
1477,individual,1
5222,ineffective,1
4607,inexplicable,1
958,inflammatory,1
4354,influence,1
4453,influencer,1
5753,inform,1
5620,Infront,1
3778,ingrain,1
3017,inhabit,1
2225,inhabitable,1
3304,initiate,1
324,inn,1
5523,innocent,1
4578,inoffensive,1
5503,inositol,1
3719,insect,1
3878,insightful,1
2112,Insomnia,1
4997,insomnia,1
4223,insomniac,1
3010,inspiration,1
5137,inspiring,1
3630,insta,1
3468,INSTA!Hello,1
3548,insta!YOURE,1
4751,instability,1
5098,instacart,1
4836,instance,1
4613,instant,1
5286,institutionalize,1
4511,insult,1
3702,intensely,1
5514,intensitis,1
4963,intensity,1
3762,interaction?obviously,1
5211,interactionsI,1
3632,interestednan,1
827,interestingly,1
4936,intermittently,1
5347,Intern,1
3116,internationally,1
1664,internshipNot,1
2857,interrogation,1
413,interstate,1
1433,interval,1
4353,intoxicate,1
3361,introduce,1
5109,introduction,1
3357,introductory,1
5132,introspective,1
2635,Introvert,1
4116,inventory,1
5308,invert,1
3928,invest/2641744/,1
4521,ion,1
1535,irk,1
1982,IRL,1
4320,ironic,1
4667,irresponsible,1
4918,irritate,1
726,ISD,1
5438,island,1
5675,isolation?i,1
3136,issues)I,1
4371,it!!Hey,1
2266,IT!I,1
3759,IT?like,1
1323,it?My,1
4450,it.nan,1
4730,it)I,1
5131,IT\\,1
2512,itApologies,1
3761,itch,1
5179,iti‚Äôm,1
3393,itYou,1
3673,ivr,1
3235,Japan,1
1789,japanese,1
1063,jar,1
3750,jarble,1
2473,Jared,1
4787,jealous,1
1973,jelly,1
1988,jerk,1
4413,Jia,1
3335,job!Just,1
4664,joba,1
3523,jobHi,1
2405,jobi,1
4792,JobI‚Äôm,1
4229,jobless,1
5139,jobs?so,1
2730,jobsDue,1
4482,Joe,1
5742,jog,1
4547,jogging,1
5037,joint,1
2581,Journal,1
5433,journalist,1
2649,Journey,1
3192,journeyi,1
3231,journeysI,1
455,joy.nan,1
4232,jr,1
4557,juggle,1
2186,JulyOther,1
5059,jumping,1
5013,june,1
2806,junk,1
3071,K,1
3195,K2,1
3596,karma,1
4284,KarmaSo,1
5439,kayake,1
5391,keyholder,1
4093,keyword,1
5327,kidnapping,1
4496,KindI,1
1460,kindness,1
1382,kink,1
1978,kiss,1
1045,knee,1
3254,knife,1
4799,knot,1
3039,knowing,1
3613,Kroger,1
4033,kwwolys,1
2416,ky,1
4165,labour,1
5078,lag,1
5502,Lamotrigine,1
3301,land,1
1986,landlady,1
1058,lane,1
5645,languidly,1
2796,lapse,1
3631,late??i,1
2393,LaterHi,1
4279,latex,1
4773,lather,1
4962,laughably,1
2390,launch,1
4769,lawn,1
4192,lawyer,1
2584,Lay,1
2352,layout,1
5118,LDR,1
2606,leadership,1
3131,league,1
5147,Learnt,1
4231,leaveit,1
3355,lecturer,1
4265,leech,1
4259,leeching,1
2330,legitimately,1
2301,lengthy,1
2474,Leto,1
4347,lexapro,1
4535,Library,1
3416,licence,1
5697,lies,1
5063,life?So,1
4582,life.i,1
5519,life.please,1
2347,lifehi,1
5349,lifeLife,1
2258,lifestyle?looking,1
3617,lighting,1
5571,lightly,1
4480,lightning,1
3741,limb,1
1970,limitation,1
2919,Linden,1
3609,linear,1
3276,Liverpool,1
5337,livestreamer,1
1619,lmk,1
4622,lo,1
5296,load,1
1061,loaf,1
2550,loathe,1
5760,loathing,1
5716,lockdownam,1
3366,logical,1
3009,lolololol,1
3669,london,1
4561,LonielessBeen,1
863,LonlinessHey,1
1444,loo,1
1755,loop?nan,1
3003,lord,1
3061,los,1
5257,loser,1
5243,Lovesick,1
3723,Low,1
3715,lowsthis,1
2018,lt;15,1
2017,lt;30,1
2422,lt;3Hi,1
4415,luckI,1
4629,luckily,1
4365,lunatic,1
5708,LUNITIC,1
5293,luxurious,1
1688,lye,1
3799,lymph,1
5060,Lysol,1
3085,M.D.D.,1
4432,maaaaaaybe,1
3595,machine,1
4036,Majority,1
4624,majorly,1
4631,mal,1
3614,Mall,1
4670,Man,1
3302,manageable,1
1996,management,1
770,managerial,1
4549,manic,1
1056,manifest,1
5422,Manitoba,1
1721,mantra,1
4146,manufactured_reviews/?ref,1
3319,map,1
5738,mar,1
5604,mark,1
5281,market,1
3072,mart,1
5452,Massachusetts,1
4459,massive,1
3660,master,1
1606,masterbate,1
3703,material,1
4989,mature,1
2927,max,1
4214,md,1
4254,MDD,1
5754,mdgralha1@catamount.wcu.edu,1
5659,MDMA,1
3187,me!nan,1
4782,me?Anyone,1
1161,me?I‚Äôm,1
5462,me?So,1
5558,me.](https://youtu.be,1
2444,meaning,1
2260,meantime,1
1025,meat,1
5591,meatball,1
5323,meCouldn't,1
3830,medal,1
5674,medication(holistic,1
1347,medicationI've,1
1672,MedicationIs,1
5171,MedicineI,1
2170,medicinei‚Äôve,1
2620,meditationnan,1
4859,Medium](https://medium.com/@YoAntoNeo,1
4719,Meds,1
4994,meds?How,1
2630,meetup,1
5272,meFor,1
2836,meI,1
5225,meIt\\,1
5262,meltdown,1
3821,melting,1
4213,melzap,1
4212,MelzapHas,1
4449,Memes,1
4448,menan,1
3704,menial,1
5518,menstrual,1
2992,mention?\\u202c,1
3683,mentor)nan,1
4083,merch,1
4058,merch?referral_code,1
2100,mercilessly,1
5113,mere,1
5370,messaging,1
3968,Meter,1
5622,meThe,1
2920,Method,1
2643,methods?I'm,1
843,Methylfolate,1
1090,mgs./day,1
5424,mic,1
1410,Middle,1
1896,midnight,1
5057,midst,1
873,midwest,1
4346,Mike,1
2574,milk,1
2020,milligram,1
3768,mimic,1
1476,minded,1
2539,mindfulness,1
3601,mindset,1
2537,minimum,1
2777,minuet,1
4848,minuteGiven,1
4421,minutesF,1
1739,mirror,1
3442,mirtazapine,1
583,misanthrope,1
536,misanthropic,1
5141,miscarriage,1
3557,misconduct,1
1932,misdiagnose,1
5442,miserably,1
3781,misery,1
2460,misogyny,1
4977,mistake,1
1825,misunderstand,1
5546,misunderstanding,1
4456,misunderstood,1
2344,mix,1
2276,mixture,1
3078,Mobile,1
4483,mod,1
3164,moderately,1
4774,moisturiser,1
2234,mold,1
5577,mom?](https://i.imgur.com,1
5599,momentary,1
1474,momentI,1
4142,monetize,1
4650,money-,1
3919,money/2641744/,1
2599,monologue,1
5254,monophobia,1
861,monster,1
3735,month?I\\'m,1
327,monthly,1
5412,months?So,1
10,monthsI,1
1219,moodHi,1
3769,moon,1
4958,moron,1
5218,moss,1
2567,mosty,1
5710,MOTHER\\,1
5677,Motivation?Hey,1
5490,Motivational,1
2005,motive,1
3744,motor,1
2940,Mount,1
5446,mount,1
3724,mouthful,1
3742,movement,1
4297,mover,1
3650,mri,1
2462,MtG,1
4055,mturk,1
4043,Mturk](https://www.mturk.com,1
5044,mudroom,1
1899,multi,1
4753,MULTIPLE,1
1651,mundane,1
4939,murky,1
4732,Muscle,1
3857,musculoskeletal,1
2265,museum,1
5251,musicnan,1
5119,muster,1
5082,mutual,1
3851,myselfso,1
4430,myth,1
5684,N.Y,1
248,Nan,1
1289,nap,1
989,narrow,1
5112,NASA,1
5274,nationally,1
5261,nauseated,1
4306,NDE,1
4886,NDIS,1
5177,neck,1
4932,needle,1
2438,NeedUm,1
5317,neet,1
4520,Negative,1
2716,neighborhood?anyone,1
4915,neighbourhood,1
5174,Nervous,1
419,nervously,1
3973,NEST,1
4087,netting,1
3674,neurotypical,1
4909,neutral,1
2457,Night,1
4476,night?Hello,1
4597,Nik,1
1300,Nintendo,1
906,Noble,1
2676,nobody?It,1
3751,nod,1
3800,node,1
1609,nofap,1
126,noisy,1
2443,nonbinary,1
2447,nonbirnary,1
4919,nonetheless,1
3458,nonexistent,1
5096,nonfiction,1
4716,nore,1
3307,Normal,1
4517,normies,1
5182,nose,1
5625,nosy,1
1820,not?I,1
3090,not?So,1
5563,notification,1
4581,novelty,1
3698,now)then,1
1407,nowadays,1
5725,nowcrye,1
1603,numbness,1
5763,numerous,1
2103,nurse\\,1
2415,nursing,1
5712,nurturing,1
4585,nut,1
3671,nyc,1
2722,o,1
5374,Obessive,1
3643,obgyn,1
2625,obligation,1
4586,observation,1
3453,obvi,1
1967,obvious,1
5040,occasional,1
3247,occupational,1
2946,occurring,1
5074,Oculus,1
2246,Odd,1
4324,oddly,1
480,odometer,1
3434,ofeverything,1
2996,offence,1
4374,offended!!!!!nan,1
1038,officer,1
3710,official,1
342,offline,1
3963,OhmConnect,1
3958,OhmConnect](https://ohm.co/7secondman,1
5379,Oklahoma,1
4657,olive,1
4270,omegle,1
4625,omgomgomgomg,1
4544,on?i‚Äôm,1
4455,once,1
4655,onion,1
2261,online?Y'all,1
5583,"ONLINE""](https://i.imgur.com",1
4532,op,1
2113,operate,1
5186,options?Hey,1
1151,optometrist,1
4245,optomitrist,1
4654,orange,1
4429,ordeal,1
1269,organise,1
3754,orient,1
4541,ornery,1
4023,oSpkC5o,1
1585,ot,1
4090,out,1
2384,out!I,1
1005,out?-,1
1632,out?I,1
4013,out\\,1
4272,outburst,1
3618,outI,1
4150,outline,1
4433,outlook,1
2918,outrage,1
5461,outside?I've,1
4917,outsidei,1
5035,outskirt,1
1958,outweighs,1
1216,oven,1
3486,overAll,1
5660,overdose,1
5000,overfill,1
5228,overflow,1
4484,overhaul,1
1767,overhead,1
4618,overI,1
2687,overload,1
3611,Overload?I‚Äôm,1
4438,overrun,1
5479,overseas,1
310,overweight,1
3162,overwhelmingI,1
5559,OVw97tOTRjw,1
4978,owe,1
3391,owl,1
3949,oxt,1
1248,oxygen,1
3212,PA,1
5045,package,1
1262,pad,1
5441,paddle,1
3577,paddy,1
5289,padilla,1
3461,page!!!!okay,1
4221,painful,1
1298,painting,1
4790,pajama,1
4522,pajamas,1
1618,pan,1
4339,pandemic???this,1
4473,pandemic?Can,1
4898,pandemic?starte,1
4934,panic&amp;agoraphobia,1
2750,panickiness,1
4467,panicking,1
4566,paperwork,1
2917,paralysed,1
2236,paralyze,1
5198,parenthood,1
3668,paris,1
3849,Parisian,1
2140,participate.nan,1
5468,partly,1
2789,passionate,1
4820,pasta,1
3899,paste,1
4466,pastI,1
2408,pat,1
5765,patio,1
5227,patron,1
3588,pavement,1
2433,paxel,1
4573,payback,1
5004,payor,1
3095,PD,1
2185,Peacenan,1
1064,peanut,1
5024,pedialyte,1
2490,peer,1
1506,pende,1
4619,Pennsylvania,1
561,PEOPLE,1
4075,people/7secondman,1
4871,peopleI,1
2718,pepper,1
5169,Pepsi,1
4506,percentage,1
925,perception,1
3348,perfectionism,1
780,periodic,1
3198,peripheral,1
1491,perk,1
4016,permission,1
613,permit,1
3797,persistent,1
4444,Personal,1
4598,personallyas,1
2010,pervert,1
4528,Pets,1
3964,PGE,1
4999,Pharmacy,1
3248,pherapist,1
4564,phoneA,1
5512,Physical,1
4052,picking,1
5055,pickup,1
4067,picture,1
3658,pie,1
2380,pile,1
879,pilgrimage,1
5515,pin,1
5526,pine,1
3995,pint,1
4940,piranha,1
3562,pistol,1
2608,pitch,1
159,Place,1
4177,placeI,1
2713,plain,1
3629,PLANE,1
1388,plane?I'm,1
5485,planner,1
2458,player,1
2557,playlist,1
4125,PlaytestCloud](https://www.playtestcloud.com,1
5255,please**doe,1
3272,pleaseee,1
3278,pleaseeee,1
2823,pleaseMy,1
4041,plug,1
4250,plummet,1
1752,plz,1
1372,pocket,1
5418,Podcast?Hey,1
5432,podcaster,1
1359,pointless,1
3390,Pok√©mon,1
1235,poke,1
3574,police,1
2312,policy,1
1213,politely,1
2515,politic,1
4923,poll,1
4922,poll](https://www.reddit.com,1
3690,pool,1
2670,poop,1
2667,poopingAs,1
2916,poorly,1
2785,popular,1
1685,portable,1
5062,portion,1
2504,portrayal,1
4425,Positive!I've,1
3385,possible?i‚Äôve,1
4927,post)(oop,1
5373,post*I'm,1
5340,postHello,1
1897,postI,1
5142,postpartum,1
5232,potato,1
4426,potential,1
5416,Potential,1
5324,potentially,1
1107,potluck,1
1296,pottery,1
3676,pounce,1
2778,pounding,1
3190,powerless,1
5695,ppls,1
1969,practical,1
3413,practically,1
3606,pray,1
4560,prayer,1
4798,precaution,1
1931,precedence,1
3886,precipitate,1
2304,precisely,1
3068,preferably,1
3362,preform,1
5270,Pregabalin,1
757,pregame,1
2706,premise,1
3570,prep,1
5208,preparation,1
4973,presence,1
4704,Present,1
2119,presentation,1
4823,prevention,1
3568,principal,1
5195,print,1
3569,Prison,1
4552,prn,1
2132,proactive,1
521,problem?so,1
5184,procedure,1
1236,prod,1
2613,prodcutivity,1
4862,producer,1
4863,production,1
5761,productive?i,1
5539,profile,1
803,profound,1
2491,profusfeley,1
4470,programmer,1
4469,programmersI,1
2740,Progress,1
4758,Progress[Long,1
4378,Progressive,1
4102,prolific,1
4096,prolific.ac](https://www.prolific.ac,1
3556,promiscuity,1
2582,PRomise,1
4010,proof,1
2749,prop,1
5350,propel,1
2967,property,1
2610,prospective,1
1539,protect,1
5049,protective,1
4383,province,1
4838,provoke,1
2746,provoking,1
2432,psychiatristShe,1
3879,psychotherapy,1
1960,psychotic,1
118,public?i,1
2106,publicly,1
4085,publish,1
4725,puddle,1
3032,puede!/,1
4969,puke,1
5116,pullup,1
4233,pump,1
3238,purely,1
1933,pursuance,1
1918,pursue,1
5398,pursuit,1
3443,puss,1
4789,puzzle,1
2742,pwease,1
5584,PYOegsE.png,1
2212,qith,1
4745,qualified,1
5475,quarantine?i,1
5052,quarantinedRight,1
4889,quarantineHi,1
5202,quarantinei,1
5736,quarantineI‚Äôm,1
5310,quarantineit\\,1
4577,quarentine,1
977,questionHi,1
5266,questionhi,1
3460,questionPeople,1
3948,questions](https://coinbase.com,1
1330,questionsHiya,1
4345,questionSo,1
881,quetiapine,1
2471,Quinn,1
3607,quitting,1
3947,quiz,1
3132,r6,1
5046,R95,1
5085,racist,1
3803,radiate,1
1421,railing,1
3662,rain,1
3337,rainy,1
5245,raise,1
5434,ramble,1
2724,rambly,1
5498,Randomized,1
5636,Range,1
5275,rank,1
5549,rant)i,1
4993,rap,1
2542,rapidly,1
4258,rat,1
4916,rational,1
2597,rationalise,1
5185,rationalize,1
4644,reader,1
4219,realistically,1
5326,realization,1
4248,realy,1
5537,reappear,1
5404,rear,1
2593,reasonable,1
3812,rebellious,1
4007,recap,1
668,recapture,1
2133,reclusiveness,1
5199,recognition,1
4208,recollection,1
2693,recommendations?looke,1
4920,recommendationsAny,1
5548,reconnection,1
1493,reconsider,1
2392,Recovery,1
4996,recreational,1
5094,recs,1
4074,Redbubble](https://www.redbubble.com,1
5564,redirect,1
5042,redlining,1
1430,redress,1
4604,reenergise,1
2665,referal,1
4180,reflect,1
5739,reflection,1
4443,refresh,1
2741,regression,1
1484,regulating,1
3002,reinforce,1
3349,rejection,1
3598,rekindle,1
1833,relagate,1
982,Relapse,1
4784,relapsei,1
5492,relapseI,1
3185,relate?nan,1
5102,relationate,1
3705,relationship?i,1
5474,relationships/,1
4307,relative,1
4379,relaxation,1
2669,relaxed,1
3197,relearn,1
4851,relentless,1
5596,relive,1
5332,reluctantly,1
3547,REMINDER,1
3675,reminder,1
4785,remission,1
3073,remotasks,1
3294,renew,1
5701,repair,1
3466,repay,1
3499,repost,1
947,reputable,1
4006,requirement,1
2994,research)Hi,1
5743,researcher,1
3266,resemblance,1
4824,reset,1
3019,reside,1
4983,resilient,1
5495,resistant,1
6,resolution,1
5259,respect,1
5088,respectful,1
5047,respirator,1
4136,respondent,1
4020,respondent.io](https://app.respondent.io,1
5469,responsible,1
3608,restart,1
4600,restless,1
5476,restock,1
4599,restorative,1
5369,restriction,1
5547,resurface,1
5698,retirement,1
2003,retrospect,1
5413,reunion,1
5457,revamp,1
5632,reverse,1
5633,reversible,1
5130,revert,1
4827,revolve,1
3005,rewarding,1
4778,rewatch,1
5124,Rewind,1
4736,rewire,1
5180,rhinoplasty,1
2795,ridei‚Äôve,1
4256,ridicule,1
1792,rigorous,1
3167,rinse,1
579,riot,1
587,rioting,1
5694,rip,1
4929,ripe,1
5504,Risperidonenan,1
1735,ritual,1
5384,ritualistic,1
3584,robber,1
5328,robbery,1
3936,roberthurst8,1
4060,roberthw77d,1
2296,rocky,1
4656,roll,1
4178,rollercoaster,1
5435,romanticI,1
5304,rona,1
1441,rooms?hi,1
4563,rot,1
4329,Round,1
3380,route\\,1
313,row,1
3824,Roxanne,1
5239,runaway,1
5741,running(so,1
4225,Russia,1
2189,rut,1
2721,S,1
4139,S.E.A.,1
4632,SA,1
1500,sack,1
5011,sadbecause,1
2007,sadism,1
4856,SAFE,1
4759,safeguard,1
4844,safely,1
2783,saliva,1
5487,salon,1
4296,sanctuary,1
5595,sandwich](https://i.imgur.com/1tp6teg.png,1
4313,sane,1
4439,sanitize,1
4460,sanitizing,1
4849,Sarajevo,1
4572,satisfy,1
4539,savage,1
4004,saving_money_online_in_2019/,1
2497,scam,1
5617,scammer,1
5556,scamming?hello,1
3431,scared!I'm,1
674,scared.nan,1
3436,scaredthis,1
3246,scarygot,1
3965,SCE,1
3321,scenic,1
3625,schizophrenic,1
5114,Schizophrenic,1
717,school?I,1
5325,school(11yrs,1
4196,schoolhi,1
5381,schooling,1
1779,schoolOr,1
5521,schoolpark,1
5191,schoolwork,1
4846,scope,1
4027,score,1
5714,scramble,1
4764,scrap,1
4630,scraping,1
2386,scream?I,1
4028,screener,1
5513,script,1
3966,SDGE,1
3031,se,1
3786,Sea,1
3444,Seasonal,1
3446,seasonal,1
3827,secondsnan,1
4749,sector,1
4277,sedation,1
4276,sedationterrifie,1
3580,seedy,1
3325,seemingly,1
751,seldom,1
1534,selfHow,1
4113,selling,1
5322,semantic,1
1100,Senior,1
4492,sensationalism,1
4487,sensationalize,1
3621,sensitivity,1
3610,Sensory,1
4337,sensory,1
2521,separation,1
5692,Sept,1
5152,serene,1
4866,series,1
4434,seriousness,1
3439,sertraline,1
4447,server?Hey,1
5339,ServerCan,1
4319,services.nan,1
3495,Set,1
4457,SetbacksI'm,1
2096,setting,1
5366,settingHi,1
4960,seven,1
898,shabby,1
688,shadow,1
301,shady,1
4596,shall,1
4209,sheer,1
4796,sheriff,1
4982,shield,1
3452,shine,1
1930,shiny,1
3112,shite,1
4877,shoe,1
3565,shooter,1
5329,shooting,1
5505,shorthness,1
1856,shortly,1
515,shortness,1
2898,shout,1
347,showering,1
4908,shrug,1
3030,Si,1
3179,sibling,1
1758,side,1
4403,sidewalk,1
2308,signature,1
4126,signup,1
4166,signups,1
4163,signupsforpay,1
5647,silence,1
2659,silly,1
5688,sinister,1
3745,sip,1
3978,SirRaygun,1
4968,sitter,1
5217,sixty,1
3070,skill?I,1
4465,Skillsnan,1
1200,skirt,1
5430,skype,1
5087,Skyped,1
3428,slamming,1
4164,slave,1
2802,slight,1
4051,slim,1
1698,slimfast,1
3113,Slushii,1
3967,Smart,1
651,snacks!For,1
3891,sneer,1
819,snris,1
5354,soap,1
5484,sober,1
3370,socialising,1
5550,soda,1
3922,soft,1
5652,solace,1
5730,sole,1
2333,solidarity,1
4200,solipsism,1
1951,solitary,1
2793,solo,1
2830,sonic,1
3647,sonogram,1
5287,soon(within,1
4571,soooo,1
4538,sooth,1
3521,soothing,1
4981,sorrow,1
537,sorta,1
1183,sou,1
600,soul,1
3028,southern,1
4608,spaces-,1
1102,spacious,1
5615,span,1
831,sparingly,1
862,Spe,1
4935,specialize,1
2988,specifcally?nan,1
4134,spectacular,1
4513,spectrum,1
5491,Speechnan,1
5026,speed,1
3249,speeding,1
3196,spice,1
2642,spike,1
5071,spiking,1
1478,spine,1
2821,spiralI,1
5667,spirituality,1
2782,spit,1
4734,splash,1
1133,split,1
1863,spoil,1
5161,spongebob,1
3490,spontaneous,1
4825,spoonful,1
2719,spray,1
4502,SPREAD,1
1809,spring,1
3579,squad,1
999,square,1
4119,sr_1_15?keyword,1
4195,ssi,1
4588,SSI,1
4587,SSIHow,1
3921,SSN,1
5221,ssris?i,1
5345,ssuggeste,1
5724,stability,1
3060,staff,1
5644,stagnate,1
2342,staircase,1
5648,stale,1
5372,Standstill,1
789,stationary,1
3141,stave,1
103,steam,1
5443,steep,1
1280,step!nan,1
3268,stepdaughter,1
3488,stiffen,1
3375,Stil,1
2844,stimulant,1
4519,stink,1
5643,stir,1
3932,stock,1
4793,stocker,1
3927,stocks](https://www.sofi.com,1
3481,stoner,1
5360,stoop,1
2122,stopgap,1
5573,STORE,1
3887,storeI,1
3280,storeI‚Äôm,1
3144,storm,1
734,story/,1
4925,storyhello,1
3138,Storynan,1
3503,STRAIGHT,1
3001,strain,1
3398,Street,1
2757,strenght,1
2412,stressedmy,1
5719,stride,1
5021,strike,1
2926,strip,1
5150,strongly,1
2987,strugglesnan,1
735,strugglethis,1
1544,StrugglingIt,1
2885,stuck?I‚Äôll,1
1297,studio,1
5110,stuff)Hi,1
3326,stun,1
5363,stutter,1
2748,stylist,1
1998,styrofoam,1
5156,subreddit?Edit,1
4148,"subs**($2,300",1
4149,subscribe,1
916,substance,1
2663,suburb,1
5581,subway.com,1
1613,succeed,1
3689,Success!!!I,1
1541,succumb,1
4731,suds,1
485,sue,1
1805,sugarcoat,1
5755,Suicide,1
4241,suisidal,1
5048,suit,1
5680,sulk,1
1271,Sunday,1
2374,sunset,1
3693,supernatural,1
4002,supersecretspare,1
3168,supper,1
1623,supposedly,1
5402,suppress,1
5532,surf,1
3064,surfing,1
2095,surplus,1
5757,surprisingly,1
3107,Surveynan,1
4034,Surveys,1
4633,survivor,1
1394,susceptible,1
990,suspend,1
4728,sustain,1
5752,SV_0e7p71gpuahnbnf,1
5751,SV\\\\_0e7p71gpuahnbnf](https://wcu.az1.qualtrics.com,1
4112,SVhmvu5,1
3901,Swagbucks,1
4042,SwagBucks,1
4031,SwagBucks](https://www.swagbucks.com,1
3592,swap,1
3575,sweep,1
1813,sweet,1
5023,swig,1
5041,sympathetic,1
5377,syndrome,1
3747,table,1
4727,tablet,1
2825,Taco,1
3729,tailoring,1
3105,takimg,1
2958,talk?i‚Äôve,1
5650,talk/,1
2506,tame,1
5097,tangential,1
3517,tantrum,1
4197,taper,1
2004,target,1
4959,Target,1
4159,task_find_one_of_my_favourite_books_80/?ref,1
4395,Tavor,1
5606,tax](https://i.imgur.com,1
3215,taxis,1
3494,TDLR,1
943,TDY,1
4308,tea,1
4956,teach,1
5567,technologically,1
2101,teenaged,1
5201,teenager?Now,1
3146,telehealth,1
5408,telemarketing,1
5070,telemental,1
2535,telephone,1
3211,television,1
2115,temper,1
4014,temperament,1
5669,temperature,1
669,temporarily,1
1542,temptation,1
1995,tenant,1
3802,tender,1
4800,tense,1
4771,tentative,1
2529,tenth,1
5592,teriyaki,1
3252,terried,1
364,terrified.nan,1
2201,terrifiedI've,1
1807,terrifiedSo,1
5691,terrorize,1
3419,textbook,1
1139,tf,1
5316,"thanks""so",1
3666,thanskgive,1
1391,that.nan,1
5713,That\\,1
825,theanine,1
3135,TheNamesTrevor#0323,1
4765,therapeutic,1
5346,Therapist,1
3314,therapistMy,1
5014,therapy.nan,1
1344,therapy/,1
2674,therapyDoes,1
5067,therapyHello,1
5260,therapyHey,1
3406,TherapyI'm,1
1836,there?Hey,1
3695,theripy?i,1
280,thesis.nan,1
5654,thesisHey,1
5190,thingi‚Äôve,1
247,think?my,1
3264,this!!!!!40,1
5464,this?i,1
1401,this?I‚Äôm,1
5162,thishttps://youtu.be/9i-zqgarqp0,1
4710,thisI,1
4386,Thoughts?Here,1
4451,thoughts?How,1
5756,thoughts*trigger,1
5305,thoughtsim,1
5732,thr,1
4885,threat,1
4575,thriller,1
5165,through,1
4479,thunder,1
3123,thx,1
3646,thyroid,1
2714,TIA,1
4802,tie,1
4325,tik,1
2395,til,1
2553,Time,1
2263,time!that,1
2046,timejust,1
4671,timeline,1
3150,timenan,1
4805,timer,1
5489,TIMES,1
5589,times](https://i.imgur.com,1
2961,timeThese,1
1136,tinder,1
5411,Tips,1
4285,tire,1
2767,tiring,1
3678,Tldr,1
929,TN?I,1
4468,to!I‚Äôm,1
5022,toast,1
5621,todaythis,1
1686,toil,1
4326,tok,1
3954,token,1
5318,tolerable,1
540,tolerant,1
2475,Tom,1
2042,tommorow,1
2494,tomorrow!I'm,1
3044,tomorrowas,1
3099,tomorrowstarte,1
2808,tonightlooking,1
5651,too/,1
5544,Toolnan,1
3771,toothachei,1
4481,toothless,1
3258,torment,1
5427,toss,1
5376,Tourette,1
2886,tout,1
460,tow,1
467,towing,1
288,toy,1
5562,tpqrmwv.png,1
4175,Trade,1
5129,trade,1
3943,trading,1
5587,tradition,1
5302,tragedy,1
5155,tragic,1
2044,trainer,1
3538,training,1
3102,tranozodone,1
2650,tranquility,1
4931,trans,1
4702,transfer,1
5421,transman,1
3893,transplant,1
3269,trauma?Hi,1
4841,traumatise,1
3485,traumatize,1
3303,traumatizing,1
3880,traunatic,1
3626,travel?i,1
2554,TravelHi,1
5540,travelingNowadays,1
1387,travelling,1
3435,Trazodone,1
5611,treadmill,1
1862,treasure,1
5527,tree,1
3780,tremendous,1
5025,trend,1
812,tricky,1
5351,triggeringI,1
2745,trim,1
5216,triple,1
4979,triumph,1
2759,trolly,1
1743,tropical,1
504,troublesi‚Äôm,1
5187,troublesome,1
4593,trough,1
1037,truant,1
5148,trucking,1
2708,trundle,1
3161,try!nan,1
5315,tryina,1
4951,tuck,1
5635,tuff,1
4810,tune,1
1325,turbulence,1
4226,Turkey,1
2522,turmoil,1
4643,turnover,1
290,TV\\,1
3740,tweak,1
3776,TWi,1
5668,twice(everything,1
5309,twilight,1
5240,twin,1
2775,twist,1
4781,Twitter.nan,1
765,TX,1
2262,tysm,1
4144,u_supersecretspare,1
4132,U4FhJIQ,1
4987,uh,1
4061,UK](https://uk.marketforceshopper.com,1
3489,ulcer,1
5403,ultimatum,1
5176,ultrasound,1
2442,um,1
5242,umm,1
4721,unaccompanied,1
5341,unaccomplished,1
5679,unappreciate,1
5420,uncertain,1
4750,uncertainty,1
5051,unclean,1
2129,unclear,1
5319,unconditionally,1
3250,uncontrollable,1
3344,uncontrollably,1
1261,underarm,1
1937,undergo,1
1331,undergrad,1
3801,underneath,1
5458,underway,1
1442,undiagnosed,1
2080,uneasiness,1
2835,uneasy,1
3736,unexpectedly,1
1649,unhealthy,1
4591,Unhealthy,1
2327,unhelpful,1
2847,uninterested,1
5365,uninteresting,1
4870,unjustified,1
4349,unknown,1
2343,unlikely,1
5115,unlucky,1
5273,unmanageable,1
4986,unmatched,1
1461,unmotivated,1
3018,unoccupied,1
4729,unpopular,1
5419,unprecedented,1
3858,unpredictable,1
1313,unravel,1
4797,unreported,1
1455,unsafei‚Äôve,1
1886,unsuccessful,1
3425,unsurprisingly,1
2430,untalkative,1
4944,unthinkable,1
2656,Untill,1
1997,unused,1
3256,unwanted,1
4518,unwashed,1
1346,unwilling,1
1487,upbringing,1
136,upHey,1
1870,UpI,1
4741,uplifted,1
4603,uplifting,1
4092,uploading,1
3864,upThese,1
3988,upwards,1
5307,ur,1
3991,Urban,1
3241,urgency,1
1445,urine,1
4057,US](https://app.survey.com,1
4130,usabilityhub](https://www.usabilityhub.com,1
4135,UserInterviews](https://www.userinterviews.com,1
4069,Usertesting](https://www.usertesting.com,1
3240,UTI,1
1689,utilize,1
5196,utterly,1
1956,uuuuhhh,1
4098,V8GXSTt,1
4941,vague,1
5658,vain,1
4868,validationI,1
4974,validity,1
4551,valium,1
5665,vegetarian,1
3004,vein,1
5359,VentingLiving,1
3728,venture,1
4837,verbal,1
3134,vernintide,1
1638,vest,1
800,vestibular,1
5533,viable,1
4601,vibrant,1
5770,vicinity,1
5707,vicious,1
4128,Video,1
3286,vigilant,1
2867,violate,1
3555,violence,1
3871,violently,1
3427,visably,1
4953,visceral,1
5401,visibly,1
5672,visual,1
2797,visualise,1
4377,visualization,1
5661,visualize,1
4189,Vlognan,1
3354,vocal,1
4747,voicemail,1
4840,voluntary,1
2335,vomiting,1
4416,vote,1
2998,vr,1
575,Vulcan,1
4079,VznBIO,1
3866,w/,1
1176,waaaay,1
4235,wad,1
488,wage,1
3578,wagon,1
4724,wail,1
3842,waiter,1
3746,waitres,1
2063,walkable,1
4651,walker,1
4244,walkins,1
4278,wallet?i,1
4537,wallow,1
283,WalmartI,1
2758,wana,1
2356,wantedHello,1
3133,warhammer,1
2351,warmth,1
2382,wary,1
4733,Water,1
1257,waterfall,1
3143,wating,1
5481,we\\'ll,1
3737,we\\'re,1
2295,we\\'ve,1
5506,weakness,1
5050,weapon,1
2800,wearer,1
3449,weather/,1
2118,wedge,1
5192,Wednesday,1
2790,WEED,1
2428,weekday,1
5449,weekes,1
3726,weepy,1
5306,weiird,1
4875,welfare,1
5454,well?Hey,1
5655,wellbeing,1
4369,were/,1
4639,weren\\'t,1
5744,Western,1
3255,whack,1
441,whammy,1
4247,whar,1
5292,what?Will,1
4475,Whatsapp,1
5624,whichever,1
2183,whirlpool,1
2711,white,1
5010,wholesome,1
4567,wich,1
3734,wifi,1
4488,Window,1
4772,wine,1
4376,wins!exposure,1
1712,winWent,1
2241,wire,1
2209,wisdom,1
2532,wit,1
3456,with?i,1
2865,withdrawal,1
3730,Withdrawal,1
2196,wither,1
4900,witness,1
4077,wobuyuz,1
1610,woh,1
4160,woincomereport,1
2672,woo,1
3815,workday,1
2600,workHey,1
3341,working?i,1
1596,workout,1
5144,Worksheet,1
4478,World,1
4872,world!I,1
690,world?So,1
1111,world.lol](https://world.lol,1
4894,worsebefore,1
5764,WorseBefore,1
5223,worseever,1
2754,worseHi,1
1646,worthy,1
5444,woth,1
169,woul,1
5244,wpuld,1
4204,wtf,1
4660,WUSS,1
4504,Ww2,1
1508,x.,1
2162,XANAX,1
3186,Xbox,1
4543,xdnan,1
3145,xrhealth,1
3464,Y‚Äôall,1
3615,y‚Äôknow,1
3981,y2bsNIAXH0,1
3129,ya,1
2855,YAYnan,1
7,year?nan,1
1385,years-,1
4683,Years-,1
3404,years?Anybody,1
1620,years?My,1
3088,yearsI,1
1012,yearwarning,1
4140,Yelp,1
720,yer,1
2575,yesterdays,1
5640,yetnan,1
3050,yo,1
5663,yoga,1
1699,yogurt,1
4833,you?I‚Äôm,1
5766,you?i‚Äôve,1
3808,you?nan,1
5311,you\\'d,1
1217,you\\'ll,1
2242,youfor,1
4739,youi,1
2768,youi‚Äôm,1
1191,yr,1
5125,yrs,1
1598,Zoloft,1
5727,Zombie,1
3518,zone.\\,1
4355,ü•∫,1
3193,üè†,1
1273,üèª,1
4495,üêù,1
1279,üíï,1
5410,üíô,1
3505,üíõ,1
1272,üí™,1
3789,üò§,1
4420,üò•,1
3106,üò¢,1
4409,üò£,1
5005,üòà,1
5220,üôÅ,1
3080,üòë,1
3288,üôÉ,1
4408,üòñ,1
3709,üòÖ,1
3706,üòû,1
2571,#NAME?,1
4390,#NAME?,1
4391,#NAME?,1
4393,#NAME?,1